﻿{"data":[{"Properties":{"domain":"ELAD.NET","name":"DEFAULT DOMAIN POLICY@ELAD.NET","distinguishedname":"CN={31B2F340-016D-11D2-945F-00C04FB984F9},CN=POLICIES,CN=SYSTEM,DC=ELAD,DC=NET","domainsid":"S-1-5-21-786322660-383915852-3508207375","highvalue":false,"description":null,"whencreated":1651330608,"gpcpath":"\\\\ELAD.NET\\SYSVOL\\ELAD.NET\\POLICIES\\{31B2F340-016D-11D2-945F-00C04FB984F9}"},"Aces":[{"PrincipalSID":"S-1-5-21-786322660-383915852-3508207375-512","PrincipalType":"Group","RightName":"Owns","IsInherited":false},{"PrincipalSID":"S-1-5-21-786322660-383915852-3508207375-512","PrincipalType":"Group","RightName":"WriteDacl","IsInherited":false},{"PrincipalSID":"S-1-5-21-786322660-383915852-3508207375-512","PrincipalType":"Group","RightName":"WriteOwner","IsInherited":false},{"PrincipalSID":"S-1-5-21-786322660-383915852-3508207375-512","PrincipalType":"Group","RightName":"GenericWrite","IsInherited":false},{"PrincipalSID":"S-1-5-21-786322660-383915852-3508207375-512","PrincipalType":"Group","RightName":"WriteDacl","IsInherited":false},{"PrincipalSID":"S-1-5-21-786322660-383915852-3508207375-512","PrincipalType":"Group","RightName":"WriteOwner","IsInherited":false},{"PrincipalSID":"S-1-5-21-786322660-383915852-3508207375-512","PrincipalType":"Group","RightName":"GenericWrite","IsInherited":false},{"PrincipalSID":"S-1-5-21-786322660-383915852-3508207375-519","PrincipalType":"Group","RightName":"WriteDacl","IsInherited":false},{"PrincipalSID":"S-1-5-21-786322660-383915852-3508207375-519","PrincipalType":"Group","RightName":"WriteOwner","IsInherited":false},{"PrincipalSID":"S-1-5-21-786322660-383915852-3508207375-519","PrincipalType":"Group","RightName":"GenericWrite","IsInherited":false}],"ObjectIdentifier":"99481C82-8E20-43D8-903C-EEFC944F4A03","IsDeleted":false,"IsACLProtected":true},{"Properties":{"domain":"ELAD.NET","name":"DEFAULT DOMAIN CONTROLLERS POLICY@ELAD.NET","distinguishedname":"CN={6AC1786C-016F-11D2-945F-00C04FB984F9},CN=POLICIES,CN=SYSTEM,DC=ELAD,DC=NET","domainsid":"S-1-5-21-786322660-383915852-3508207375","highvalue":false,"description":null,"whencreated":1651330608,"gpcpath":"\\\\ELAD.NET\\SYSVOL\\ELAD.NET\\POLICIES\\{6AC1786C-016F-11D2-945F-00C04FB984F9}"},"Aces":[{"PrincipalSID":"S-1-5-21-786322660-383915852-3508207375-512","PrincipalType":"Group","RightName":"Owns","IsInherited":false},{"PrincipalSID":"S-1-5-21-786322660-383915852-3508207375-512","PrincipalType":"Group","RightName":"WriteDacl","IsInherited":false},{"PrincipalSID":"S-1-5-21-786322660-383915852-3508207375-512","PrincipalType":"Group","RightName":"WriteOwner","IsInherited":false},{"PrincipalSID":"S-1-5-21-786322660-383915852-3508207375-512","PrincipalType":"Group","RightName":"GenericWrite","IsInherited":false},{"PrincipalSID":"S-1-5-21-786322660-383915852-3508207375-512","PrincipalType":"Group","RightName":"WriteDacl","IsInherited":false},{"PrincipalSID":"S-1-5-21-786322660-383915852-3508207375-512","PrincipalType":"Group","RightName":"WriteOwner","IsInherited":false},{"PrincipalSID":"S-1-5-21-786322660-383915852-3508207375-512","PrincipalType":"Group","RightName":"GenericWrite","IsInherited":false},{"PrincipalSID":"S-1-5-21-786322660-383915852-3508207375-519","PrincipalType":"Group","RightName":"WriteDacl","IsInherited":false},{"PrincipalSID":"S-1-5-21-786322660-383915852-3508207375-519","PrincipalType":"Group","RightName":"WriteOwner","IsInherited":false},{"PrincipalSID":"S-1-5-21-786322660-383915852-3508207375-519","PrincipalType":"Group","RightName":"GenericWrite","IsInherited":false}],"ObjectIdentifier":"A447E2E4-9A39-4733-85EF-58EA0B78CA94","IsDeleted":false,"IsACLProtected":true}],"meta":{"methods":29675,"type":"gpos","count":2,"version":5}}