﻿{"data":[{"GPOChanges":{"LocalAdmins":[],"RemoteDesktopUsers":[],"DcomUsers":[],"PSRemoteUsers":[],"AffectedComputers":[]},"Properties":{"domain":"ELAD.NET","name":"ELAD.NET","distinguishedname":"DC=ELAD,DC=NET","domainsid":"S-1-5-21-786322660-383915852-3508207375","highvalue":true,"description":null,"whencreated":1651330603,"functionallevel":"2016"},"ChildObjects":[{"ObjectIdentifier":"58610F2C-2EE1-4868-A571-978BF4685468","ObjectType":"Container"},{"ObjectIdentifier":"D1FD2776-E859-463C-8A23-1F964386D3F4","ObjectType":"OU"},{"ObjectIdentifier":"99B49705-606D-4C4C-94A7-1AC949EB39D3","ObjectType":"Container"},{"ObjectIdentifier":"CB077082-EE2C-4DF9-AC52-9547F7A71000","ObjectType":"Container"},{"ObjectIdentifier":"9E93DAAF-E238-48E0-8EED-2C7BB67D6CFE","ObjectType":"Container"},{"ObjectIdentifier":"82FF9CEC-3403-4C28-A20F-124D524AA32A","ObjectType":"OU"},{"ObjectIdentifier":"77DB5FE0-FA4D-4875-BD06-3313753AE93F","ObjectType":"OU"},{"ObjectIdentifier":"2149E7D5-2835-44F5-AF1A-3319E44E1783","ObjectType":"OU"},{"ObjectIdentifier":"B739671F-E6DB-4B4D-BDE7-FDEB5E12D5A1","ObjectType":"Container"}],"Trusts":[],"Links":[{"IsEnforced":false,"GUID":"99481C82-8E20-43D8-903C-EEFC944F4A03"}],"Aces":[{"PrincipalSID":"ELAD.NET-S-1-5-32-544","PrincipalType":"Group","RightName":"Owns","IsInherited":false},{"PrincipalSID":"ELAD.NET-S-1-5-32-544","PrincipalType":"Group","RightName":"WriteDacl","IsInherited":false},{"PrincipalSID":"ELAD.NET-S-1-5-32-544","PrincipalType":"Group","RightName":"WriteOwner","IsInherited":false},{"PrincipalSID":"ELAD.NET-S-1-5-32-544","PrincipalType":"Group","RightName":"AllExtendedRights","IsInherited":false},{"PrincipalSID":"S-1-5-21-786322660-383915852-3508207375-512","PrincipalType":"Group","RightName":"WriteDacl","IsInherited":false},{"PrincipalSID":"S-1-5-21-786322660-383915852-3508207375-512","PrincipalType":"Group","RightName":"WriteOwner","IsInherited":false},{"PrincipalSID":"S-1-5-21-786322660-383915852-3508207375-512","PrincipalType":"Group","RightName":"AllExtendedRights","IsInherited":false},{"PrincipalSID":"S-1-5-21-786322660-383915852-3508207375-519","PrincipalType":"Group","RightName":"GenericAll","IsInherited":false},{"PrincipalSID":"ELAD.NET-S-1-5-9","PrincipalType":"Group","RightName":"GetChanges","IsInherited":false},{"PrincipalSID":"ELAD.NET-S-1-5-9","PrincipalType":"Group","RightName":"GetChangesInFilteredSet","IsInherited":false},{"PrincipalSID":"ELAD.NET-S-1-5-32-544","PrincipalType":"Group","RightName":"GetChangesAll","IsInherited":false},{"PrincipalSID":"ELAD.NET-S-1-5-32-544","PrincipalType":"Group","RightName":"GetChanges","IsInherited":false},{"PrincipalSID":"ELAD.NET-S-1-5-32-544","PrincipalType":"Group","RightName":"GetChangesInFilteredSet","IsInherited":false},{"PrincipalSID":"S-1-5-21-786322660-383915852-3508207375-498","PrincipalType":"Group","RightName":"GetChanges","IsInherited":false},{"PrincipalSID":"S-1-5-21-786322660-383915852-3508207375-516","PrincipalType":"Group","RightName":"GetChangesAll","IsInherited":false},{"PrincipalSID":"S-1-5-21-786322660-383915852-3508207375-1616","PrincipalType":"User","RightName":"GetChangesAll","IsInherited":false},{"PrincipalSID":"S-1-5-21-786322660-383915852-3508207375-1616","PrincipalType":"User","RightName":"GetChangesInFilteredSet","IsInherited":false},{"PrincipalSID":"S-1-5-21-786322660-383915852-3508207375-1616","PrincipalType":"User","RightName":"GetChanges","IsInherited":false},{"PrincipalSID":"S-1-5-21-786322660-383915852-3508207375-1682","PrincipalType":"User","RightName":"GetChangesAll","IsInherited":false},{"PrincipalSID":"S-1-5-21-786322660-383915852-3508207375-1682","PrincipalType":"User","RightName":"GetChangesInFilteredSet","IsInherited":false},{"PrincipalSID":"S-1-5-21-786322660-383915852-3508207375-1682","PrincipalType":"User","RightName":"GetChanges","IsInherited":false},{"PrincipalSID":"S-1-5-21-786322660-383915852-3508207375-1690","PrincipalType":"User","RightName":"GetChanges","IsInherited":false},{"PrincipalSID":"S-1-5-21-786322660-383915852-3508207375-1690","PrincipalType":"User","RightName":"GetChangesAll","IsInherited":false},{"PrincipalSID":"S-1-5-21-786322660-383915852-3508207375-1690","PrincipalType":"User","RightName":"GetChangesInFilteredSet","IsInherited":false},{"PrincipalSID":"S-1-5-21-786322660-383915852-3508207375-1697","PrincipalType":"User","RightName":"GetChanges","IsInherited":false},{"PrincipalSID":"S-1-5-21-786322660-383915852-3508207375-1697","PrincipalType":"User","RightName":"GetChangesInFilteredSet","IsInherited":false},{"PrincipalSID":"S-1-5-21-786322660-383915852-3508207375-1697","PrincipalType":"User","RightName":"GetChangesAll","IsInherited":false}],"ObjectIdentifier":"S-1-5-21-786322660-383915852-3508207375","IsDeleted":false,"IsACLProtected":false}],"meta":{"methods":29675,"type":"domains","count":1,"version":5}}