﻿{"data":[{"Properties":{"domain":"ELAD.NET","name":"SYSTEM MANAGED ACCOUNTS GROUP@ELAD.NET","distinguishedname":"CN=SYSTEM MANAGED ACCOUNTS GROUP,CN=BUILTIN,DC=ELAD,DC=NET","domainsid":"S-1-5-21-786322660-383915852-3508207375","highvalue":false,"samaccountname":"System Managed Accounts Group","description":"Members of this group are managed by the system.","whencreated":1651330609,"admincount":false},"Members":[{"ObjectIdentifier":"S-1-5-21-786322660-383915852-3508207375-503","ObjectType":"User"}],"Aces":[{"PrincipalSID":"ELAD.NET-S-1-5-32-544","PrincipalType":"Group","RightName":"Owns","IsInherited":false},{"PrincipalSID":"ELAD.NET-S-1-5-32-548","PrincipalType":"Group","RightName":"GenericAll","IsInherited":false},{"PrincipalSID":"S-1-5-21-786322660-383915852-3508207375-512","PrincipalType":"Group","RightName":"GenericAll","IsInherited":false},{"PrincipalSID":"S-1-5-21-786322660-383915852-3508207375-519","PrincipalType":"Group","RightName":"GenericAll","IsInherited":true},{"PrincipalSID":"ELAD.NET-S-1-5-32-544","PrincipalType":"Group","RightName":"WriteDacl","IsInherited":true},{"PrincipalSID":"ELAD.NET-S-1-5-32-544","PrincipalType":"Group","RightName":"WriteOwner","IsInherited":true},{"PrincipalSID":"ELAD.NET-S-1-5-32-544","PrincipalType":"Group","RightName":"GenericWrite","IsInherited":true}],"ObjectIdentifier":"ELAD.NET-S-1-5-32-581","IsDeleted":false,"IsACLProtected":false},{"Properties":{"domain":"ELAD.NET","name":"SCHEMA ADMINS@ELAD.NET","distinguishedname":"CN=SCHEMA ADMINS,CN=USERS,DC=ELAD,DC=NET","domainsid":"S-1-5-21-786322660-383915852-3508207375","highvalue":false,"samaccountname":"Schema Admins","description":"Designated administrators of the schema","whencreated":1651330784,"admincount":true},"Members":[{"ObjectIdentifier":"S-1-5-21-786322660-383915852-3508207375-500","ObjectType":"User"}],"Aces":[{"PrincipalSID":"S-1-5-21-786322660-383915852-3508207375-512","PrincipalType":"Group","RightName":"Owns","IsInherited":false},{"PrincipalSID":"ELAD.NET-S-1-5-32-544","PrincipalType":"Group","RightName":"WriteDacl","IsInherited":false},{"PrincipalSID":"ELAD.NET-S-1-5-32-544","PrincipalType":"Group","RightName":"WriteOwner","IsInherited":false},{"PrincipalSID":"ELAD.NET-S-1-5-32-544","PrincipalType":"Group","RightName":"GenericWrite","IsInherited":false},{"PrincipalSID":"S-1-5-21-786322660-383915852-3508207375-512","PrincipalType":"Group","RightName":"WriteDacl","IsInherited":false},{"PrincipalSID":"S-1-5-21-786322660-383915852-3508207375-512","PrincipalType":"Group","RightName":"WriteOwner","IsInherited":false},{"PrincipalSID":"S-1-5-21-786322660-383915852-3508207375-512","PrincipalType":"Group","RightName":"GenericWrite","IsInherited":false},{"PrincipalSID":"S-1-5-21-786322660-383915852-3508207375-519","PrincipalType":"Group","RightName":"WriteDacl","IsInherited":false},{"PrincipalSID":"S-1-5-21-786322660-383915852-3508207375-519","PrincipalType":"Group","RightName":"WriteOwner","IsInherited":false},{"PrincipalSID":"S-1-5-21-786322660-383915852-3508207375-519","PrincipalType":"Group","RightName":"GenericWrite","IsInherited":false}],"ObjectIdentifier":"S-1-5-21-786322660-383915852-3508207375-518","IsDeleted":false,"IsACLProtected":true},{"Properties":{"domain":"ELAD.NET","name":"ENTERPRISE ADMINS@ELAD.NET","distinguishedname":"CN=ENTERPRISE ADMINS,CN=USERS,DC=ELAD,DC=NET","domainsid":"S-1-5-21-786322660-383915852-3508207375","highvalue":true,"samaccountname":"Enterprise Admins","description":"Designated administrators of the enterprise","whencreated":1651330784,"admincount":true},"Members":[{"ObjectIdentifier":"S-1-5-21-786322660-383915852-3508207375-500","ObjectType":"User"}],"Aces":[{"PrincipalSID":"S-1-5-21-786322660-383915852-3508207375-512","PrincipalType":"Group","RightName":"Owns","IsInherited":false},{"PrincipalSID":"ELAD.NET-S-1-5-32-544","PrincipalType":"Group","RightName":"WriteDacl","IsInherited":false},{"PrincipalSID":"ELAD.NET-S-1-5-32-544","PrincipalType":"Group","RightName":"WriteOwner","IsInherited":false},{"PrincipalSID":"ELAD.NET-S-1-5-32-544","PrincipalType":"Group","RightName":"GenericWrite","IsInherited":false},{"PrincipalSID":"S-1-5-21-786322660-383915852-3508207375-512","PrincipalType":"Group","RightName":"WriteDacl","IsInherited":false},{"PrincipalSID":"S-1-5-21-786322660-383915852-3508207375-512","PrincipalType":"Group","RightName":"WriteOwner","IsInherited":false},{"PrincipalSID":"S-1-5-21-786322660-383915852-3508207375-512","PrincipalType":"Group","RightName":"GenericWrite","IsInherited":false},{"PrincipalSID":"S-1-5-21-786322660-383915852-3508207375-519","PrincipalType":"Group","RightName":"WriteDacl","IsInherited":false},{"PrincipalSID":"S-1-5-21-786322660-383915852-3508207375-519","PrincipalType":"Group","RightName":"WriteOwner","IsInherited":false},{"PrincipalSID":"S-1-5-21-786322660-383915852-3508207375-519","PrincipalType":"Group","RightName":"GenericWrite","IsInherited":false}],"ObjectIdentifier":"S-1-5-21-786322660-383915852-3508207375-519","IsDeleted":false,"IsACLProtected":true},{"Properties":{"domain":"ELAD.NET","name":"RDS MANAGEMENT SERVERS@ELAD.NET","distinguishedname":"CN=RDS MANAGEMENT SERVERS,CN=BUILTIN,DC=ELAD,DC=NET","domainsid":"S-1-5-21-786322660-383915852-3508207375","highvalue":false,"samaccountname":"RDS Management Servers","description":"Servers in this group can perform routine administrative actions on servers running Remote Desktop Services. This group needs to be populated on all servers in a Remote Desktop Services deployment. The servers running the RDS Central Management service must be included in this group.","whencreated":1651330609,"admincount":false},"Members":[],"Aces":[{"PrincipalSID":"ELAD.NET-S-1-5-32-544","PrincipalType":"Group","RightName":"Owns","IsInherited":false},{"PrincipalSID":"ELAD.NET-S-1-5-32-548","PrincipalType":"Group","RightName":"GenericAll","IsInherited":false},{"PrincipalSID":"S-1-5-21-786322660-383915852-3508207375-512","PrincipalType":"Group","RightName":"GenericAll","IsInherited":false},{"PrincipalSID":"S-1-5-21-786322660-383915852-3508207375-519","PrincipalType":"Group","RightName":"GenericAll","IsInherited":true},{"PrincipalSID":"ELAD.NET-S-1-5-32-544","PrincipalType":"Group","RightName":"WriteDacl","IsInherited":true},{"PrincipalSID":"ELAD.NET-S-1-5-32-544","PrincipalType":"Group","RightName":"WriteOwner","IsInherited":true},{"PrincipalSID":"ELAD.NET-S-1-5-32-544","PrincipalType":"Group","RightName":"GenericWrite","IsInherited":true}],"ObjectIdentifier":"ELAD.NET-S-1-5-32-577","IsDeleted":false,"IsACLProtected":false},{"Properties":{"domain":"ELAD.NET","name":"GROUP POLICY CREATOR OWNERS@ELAD.NET","distinguishedname":"CN=GROUP POLICY CREATOR OWNERS,CN=USERS,DC=ELAD,DC=NET","domainsid":"S-1-5-21-786322660-383915852-3508207375","highvalue":false,"samaccountname":"Group Policy Creator Owners","description":"Members in this group can modify group policy for the domain","whencreated":1651330784,"admincount":false},"Members":[{"ObjectIdentifier":"S-1-5-21-786322660-383915852-3508207375-500","ObjectType":"User"}],"Aces":[{"PrincipalSID":"S-1-5-21-786322660-383915852-3508207375-512","PrincipalType":"Group","RightName":"Owns","IsInherited":false},{"PrincipalSID":"ELAD.NET-S-1-5-32-548","PrincipalType":"Group","RightName":"GenericAll","IsInherited":false},{"PrincipalSID":"S-1-5-21-786322660-383915852-3508207375-512","PrincipalType":"Group","RightName":"GenericAll","IsInherited":false},{"PrincipalSID":"S-1-5-21-786322660-383915852-3508207375-519","PrincipalType":"Group","RightName":"GenericAll","IsInherited":true},{"PrincipalSID":"ELAD.NET-S-1-5-32-544","PrincipalType":"Group","RightName":"WriteDacl","IsInherited":true},{"PrincipalSID":"ELAD.NET-S-1-5-32-544","PrincipalType":"Group","RightName":"WriteOwner","IsInherited":true},{"PrincipalSID":"ELAD.NET-S-1-5-32-544","PrincipalType":"Group","RightName":"GenericWrite","IsInherited":true}],"ObjectIdentifier":"S-1-5-21-786322660-383915852-3508207375-520","IsDeleted":false,"IsACLProtected":false},{"Properties":{"domain":"ELAD.NET","name":"DOMAIN GUESTS@ELAD.NET","distinguishedname":"CN=DOMAIN GUESTS,CN=USERS,DC=ELAD,DC=NET","domainsid":"S-1-5-21-786322660-383915852-3508207375","highvalue":false,"samaccountname":"Domain Guests","description":"All domain guests","whencreated":1651330784,"admincount":false},"Members":[],"Aces":[{"PrincipalSID":"S-1-5-21-786322660-383915852-3508207375-512","PrincipalType":"Group","RightName":"Owns","IsInherited":false},{"PrincipalSID":"ELAD.NET-S-1-5-32-548","PrincipalType":"Group","RightName":"GenericAll","IsInherited":false},{"PrincipalSID":"S-1-5-21-786322660-383915852-3508207375-512","PrincipalType":"Group","RightName":"GenericAll","IsInherited":false},{"PrincipalSID":"S-1-5-21-786322660-383915852-3508207375-519","PrincipalType":"Group","RightName":"GenericAll","IsInherited":true},{"PrincipalSID":"ELAD.NET-S-1-5-32-544","PrincipalType":"Group","RightName":"WriteDacl","IsInherited":true},{"PrincipalSID":"ELAD.NET-S-1-5-32-544","PrincipalType":"Group","RightName":"WriteOwner","IsInherited":true},{"PrincipalSID":"ELAD.NET-S-1-5-32-544","PrincipalType":"Group","RightName":"GenericWrite","IsInherited":true}],"ObjectIdentifier":"S-1-5-21-786322660-383915852-3508207375-514","IsDeleted":false,"IsACLProtected":false},{"Properties":{"domain":"ELAD.NET","name":"STORAGE REPLICA ADMINISTRATORS@ELAD.NET","distinguishedname":"CN=STORAGE REPLICA ADMINISTRATORS,CN=BUILTIN,DC=ELAD,DC=NET","domainsid":"S-1-5-21-786322660-383915852-3508207375","highvalue":false,"samaccountname":"Storage Replica Administrators","description":"Members of this group have complete and unrestricted access to all features of Storage Replica.","whencreated":1651330609,"admincount":false},"Members":[],"Aces":[{"PrincipalSID":"ELAD.NET-S-1-5-32-544","PrincipalType":"Group","RightName":"Owns","IsInherited":false},{"PrincipalSID":"ELAD.NET-S-1-5-32-548","PrincipalType":"Group","RightName":"GenericAll","IsInherited":false},{"PrincipalSID":"S-1-5-21-786322660-383915852-3508207375-512","PrincipalType":"Group","RightName":"GenericAll","IsInherited":false},{"PrincipalSID":"S-1-5-21-786322660-383915852-3508207375-519","PrincipalType":"Group","RightName":"GenericAll","IsInherited":true},{"PrincipalSID":"ELAD.NET-S-1-5-32-544","PrincipalType":"Group","RightName":"WriteDacl","IsInherited":true},{"PrincipalSID":"ELAD.NET-S-1-5-32-544","PrincipalType":"Group","RightName":"WriteOwner","IsInherited":true},{"PrincipalSID":"ELAD.NET-S-1-5-32-544","PrincipalType":"Group","RightName":"GenericWrite","IsInherited":true}],"ObjectIdentifier":"ELAD.NET-S-1-5-32-582","IsDeleted":false,"IsACLProtected":false},{"Properties":{"domain":"ELAD.NET","name":"PERFORMANCE MONITOR USERS@ELAD.NET","distinguishedname":"CN=PERFORMANCE MONITOR USERS,CN=BUILTIN,DC=ELAD,DC=NET","domainsid":"S-1-5-21-786322660-383915852-3508207375","highvalue":false,"samaccountname":"Performance Monitor Users","description":"Members of this group can access performance counter data locally and remotely","whencreated":1651330609,"admincount":false},"Members":[],"Aces":[{"PrincipalSID":"ELAD.NET-S-1-5-32-544","PrincipalType":"Group","RightName":"Owns","IsInherited":false},{"PrincipalSID":"ELAD.NET-S-1-5-32-548","PrincipalType":"Group","RightName":"GenericAll","IsInherited":false},{"PrincipalSID":"S-1-5-21-786322660-383915852-3508207375-512","PrincipalType":"Group","RightName":"GenericAll","IsInherited":false},{"PrincipalSID":"S-1-5-21-786322660-383915852-3508207375-519","PrincipalType":"Group","RightName":"GenericAll","IsInherited":true},{"PrincipalSID":"ELAD.NET-S-1-5-32-544","PrincipalType":"Group","RightName":"WriteDacl","IsInherited":true},{"PrincipalSID":"ELAD.NET-S-1-5-32-544","PrincipalType":"Group","RightName":"WriteOwner","IsInherited":true},{"PrincipalSID":"ELAD.NET-S-1-5-32-544","PrincipalType":"Group","RightName":"GenericWrite","IsInherited":true}],"ObjectIdentifier":"ELAD.NET-S-1-5-32-558","IsDeleted":false,"IsACLProtected":false},{"Properties":{"domain":"ELAD.NET","name":"DOMAIN USERS@ELAD.NET","distinguishedname":"CN=DOMAIN USERS,CN=USERS,DC=ELAD,DC=NET","domainsid":"S-1-5-21-786322660-383915852-3508207375","highvalue":false,"samaccountname":"Domain Users","description":"All domain users","whencreated":1651330784,"admincount":false},"Members":[],"Aces":[{"PrincipalSID":"S-1-5-21-786322660-383915852-3508207375-512","PrincipalType":"Group","RightName":"Owns","IsInherited":false},{"PrincipalSID":"ELAD.NET-S-1-5-32-548","PrincipalType":"Group","RightName":"GenericAll","IsInherited":false},{"PrincipalSID":"S-1-5-21-786322660-383915852-3508207375-512","PrincipalType":"Group","RightName":"GenericAll","IsInherited":false},{"PrincipalSID":"S-1-5-21-786322660-383915852-3508207375-519","PrincipalType":"Group","RightName":"GenericAll","IsInherited":true},{"PrincipalSID":"ELAD.NET-S-1-5-32-544","PrincipalType":"Group","RightName":"WriteDacl","IsInherited":true},{"PrincipalSID":"ELAD.NET-S-1-5-32-544","PrincipalType":"Group","RightName":"WriteOwner","IsInherited":true},{"PrincipalSID":"ELAD.NET-S-1-5-32-544","PrincipalType":"Group","RightName":"GenericWrite","IsInherited":true}],"ObjectIdentifier":"S-1-5-21-786322660-383915852-3508207375-513","IsDeleted":false,"IsACLProtected":false},{"Properties":{"domain":"ELAD.NET","name":"REMOTE DESKTOP USERS@ELAD.NET","distinguishedname":"CN=REMOTE DESKTOP USERS,CN=BUILTIN,DC=ELAD,DC=NET","domainsid":"S-1-5-21-786322660-383915852-3508207375","highvalue":false,"samaccountname":"Remote Desktop Users","description":"Members in this group are granted the right to logon remotely","whencreated":1651330609,"admincount":false},"Members":[{"ObjectIdentifier":"S-1-5-21-786322660-383915852-3508207375-1104","ObjectType":"User"}],"Aces":[{"PrincipalSID":"ELAD.NET-S-1-5-32-544","PrincipalType":"Group","RightName":"Owns","IsInherited":false},{"PrincipalSID":"ELAD.NET-S-1-5-32-548","PrincipalType":"Group","RightName":"GenericAll","IsInherited":false},{"PrincipalSID":"S-1-5-21-786322660-383915852-3508207375-512","PrincipalType":"Group","RightName":"GenericAll","IsInherited":false},{"PrincipalSID":"S-1-5-21-786322660-383915852-3508207375-519","PrincipalType":"Group","RightName":"GenericAll","IsInherited":true},{"PrincipalSID":"ELAD.NET-S-1-5-32-544","PrincipalType":"Group","RightName":"WriteDacl","IsInherited":true},{"PrincipalSID":"ELAD.NET-S-1-5-32-544","PrincipalType":"Group","RightName":"WriteOwner","IsInherited":true},{"PrincipalSID":"ELAD.NET-S-1-5-32-544","PrincipalType":"Group","RightName":"GenericWrite","IsInherited":true}],"ObjectIdentifier":"ELAD.NET-S-1-5-32-555","IsDeleted":false,"IsACLProtected":false},{"Properties":{"domain":"ELAD.NET","name":"CRYPTOGRAPHIC OPERATORS@ELAD.NET","distinguishedname":"CN=CRYPTOGRAPHIC OPERATORS,CN=BUILTIN,DC=ELAD,DC=NET","domainsid":"S-1-5-21-786322660-383915852-3508207375","highvalue":false,"samaccountname":"Cryptographic Operators","description":"Members are authorized to perform cryptographic operations.","whencreated":1651330609,"admincount":false},"Members":[],"Aces":[{"PrincipalSID":"ELAD.NET-S-1-5-32-544","PrincipalType":"Group","RightName":"Owns","IsInherited":false},{"PrincipalSID":"ELAD.NET-S-1-5-32-548","PrincipalType":"Group","RightName":"GenericAll","IsInherited":false},{"PrincipalSID":"S-1-5-21-786322660-383915852-3508207375-512","PrincipalType":"Group","RightName":"GenericAll","IsInherited":false},{"PrincipalSID":"S-1-5-21-786322660-383915852-3508207375-519","PrincipalType":"Group","RightName":"GenericAll","IsInherited":true},{"PrincipalSID":"ELAD.NET-S-1-5-32-544","PrincipalType":"Group","RightName":"WriteDacl","IsInherited":true},{"PrincipalSID":"ELAD.NET-S-1-5-32-544","PrincipalType":"Group","RightName":"WriteOwner","IsInherited":true},{"PrincipalSID":"ELAD.NET-S-1-5-32-544","PrincipalType":"Group","RightName":"GenericWrite","IsInherited":true}],"ObjectIdentifier":"ELAD.NET-S-1-5-32-569","IsDeleted":false,"IsACLProtected":false},{"Properties":{"domain":"ELAD.NET","name":"ACCOUNT OPERATORS@ELAD.NET","distinguishedname":"CN=ACCOUNT OPERATORS,CN=BUILTIN,DC=ELAD,DC=NET","domainsid":"S-1-5-21-786322660-383915852-3508207375","highvalue":true,"samaccountname":"Account Operators","description":"Members can administer domain user and group accounts","whencreated":1651330784,"admincount":true},"Members":[],"Aces":[{"PrincipalSID":"S-1-5-21-786322660-383915852-3508207375-512","PrincipalType":"Group","RightName":"Owns","IsInherited":false},{"PrincipalSID":"ELAD.NET-S-1-5-32-544","PrincipalType":"Group","RightName":"WriteDacl","IsInherited":false},{"PrincipalSID":"ELAD.NET-S-1-5-32-544","PrincipalType":"Group","RightName":"WriteOwner","IsInherited":false},{"PrincipalSID":"ELAD.NET-S-1-5-32-544","PrincipalType":"Group","RightName":"GenericWrite","IsInherited":false},{"PrincipalSID":"S-1-5-21-786322660-383915852-3508207375-512","PrincipalType":"Group","RightName":"WriteDacl","IsInherited":false},{"PrincipalSID":"S-1-5-21-786322660-383915852-3508207375-512","PrincipalType":"Group","RightName":"WriteOwner","IsInherited":false},{"PrincipalSID":"S-1-5-21-786322660-383915852-3508207375-512","PrincipalType":"Group","RightName":"GenericWrite","IsInherited":false},{"PrincipalSID":"S-1-5-21-786322660-383915852-3508207375-519","PrincipalType":"Group","RightName":"WriteDacl","IsInherited":false},{"PrincipalSID":"S-1-5-21-786322660-383915852-3508207375-519","PrincipalType":"Group","RightName":"WriteOwner","IsInherited":false},{"PrincipalSID":"S-1-5-21-786322660-383915852-3508207375-519","PrincipalType":"Group","RightName":"GenericWrite","IsInherited":false}],"ObjectIdentifier":"ELAD.NET-S-1-5-32-548","IsDeleted":false,"IsACLProtected":true},{"Properties":{"domain":"ELAD.NET","name":"ALLOWED RODC PASSWORD REPLICATION GROUP@ELAD.NET","distinguishedname":"CN=ALLOWED RODC PASSWORD REPLICATION GROUP,CN=USERS,DC=ELAD,DC=NET","domainsid":"S-1-5-21-786322660-383915852-3508207375","highvalue":false,"samaccountname":"Allowed RODC Password Replication Group","description":"Members in this group can have their passwords replicated to all read-only domain controllers in the domain","whencreated":1651330784,"admincount":false},"Members":[],"Aces":[{"PrincipalSID":"S-1-5-21-786322660-383915852-3508207375-512","PrincipalType":"Group","RightName":"Owns","IsInherited":false},{"PrincipalSID":"ELAD.NET-S-1-5-32-548","PrincipalType":"Group","RightName":"GenericAll","IsInherited":false},{"PrincipalSID":"S-1-5-21-786322660-383915852-3508207375-512","PrincipalType":"Group","RightName":"GenericAll","IsInherited":false},{"PrincipalSID":"S-1-5-21-786322660-383915852-3508207375-519","PrincipalType":"Group","RightName":"GenericAll","IsInherited":true},{"PrincipalSID":"ELAD.NET-S-1-5-32-544","PrincipalType":"Group","RightName":"WriteDacl","IsInherited":true},{"PrincipalSID":"ELAD.NET-S-1-5-32-544","PrincipalType":"Group","RightName":"WriteOwner","IsInherited":true},{"PrincipalSID":"ELAD.NET-S-1-5-32-544","PrincipalType":"Group","RightName":"GenericWrite","IsInherited":true}],"ObjectIdentifier":"S-1-5-21-786322660-383915852-3508207375-571","IsDeleted":false,"IsACLProtected":false},{"Properties":{"domain":"ELAD.NET","name":"SERVER OPERATORS@ELAD.NET","distinguishedname":"CN=SERVER OPERATORS,CN=BUILTIN,DC=ELAD,DC=NET","domainsid":"S-1-5-21-786322660-383915852-3508207375","highvalue":true,"samaccountname":"Server Operators","description":"Members can administer domain servers","whencreated":1651330784,"admincount":true},"Members":[],"Aces":[{"PrincipalSID":"S-1-5-21-786322660-383915852-3508207375-512","PrincipalType":"Group","RightName":"Owns","IsInherited":false},{"PrincipalSID":"ELAD.NET-S-1-5-32-544","PrincipalType":"Group","RightName":"WriteDacl","IsInherited":false},{"PrincipalSID":"ELAD.NET-S-1-5-32-544","PrincipalType":"Group","RightName":"WriteOwner","IsInherited":false},{"PrincipalSID":"ELAD.NET-S-1-5-32-544","PrincipalType":"Group","RightName":"GenericWrite","IsInherited":false},{"PrincipalSID":"S-1-5-21-786322660-383915852-3508207375-512","PrincipalType":"Group","RightName":"WriteDacl","IsInherited":false},{"PrincipalSID":"S-1-5-21-786322660-383915852-3508207375-512","PrincipalType":"Group","RightName":"WriteOwner","IsInherited":false},{"PrincipalSID":"S-1-5-21-786322660-383915852-3508207375-512","PrincipalType":"Group","RightName":"GenericWrite","IsInherited":false},{"PrincipalSID":"S-1-5-21-786322660-383915852-3508207375-519","PrincipalType":"Group","RightName":"WriteDacl","IsInherited":false},{"PrincipalSID":"S-1-5-21-786322660-383915852-3508207375-519","PrincipalType":"Group","RightName":"WriteOwner","IsInherited":false},{"PrincipalSID":"S-1-5-21-786322660-383915852-3508207375-519","PrincipalType":"Group","RightName":"GenericWrite","IsInherited":false}],"ObjectIdentifier":"ELAD.NET-S-1-5-32-549","IsDeleted":false,"IsACLProtected":true},{"Properties":{"domain":"ELAD.NET","name":"PRE-WINDOWS 2000 COMPATIBLE ACCESS@ELAD.NET","distinguishedname":"CN=PRE-WINDOWS 2000 COMPATIBLE ACCESS,CN=BUILTIN,DC=ELAD,DC=NET","domainsid":"S-1-5-21-786322660-383915852-3508207375","highvalue":false,"samaccountname":"Pre-Windows 2000 Compatible Access","description":"A backward compatibility group which allows read access on all users and groups in the domain","whencreated":1651330784,"admincount":false},"Members":[{"ObjectIdentifier":"ELAD.NET-S-1-5-11","ObjectType":"Group"}],"Aces":[{"PrincipalSID":"S-1-5-21-786322660-383915852-3508207375-512","PrincipalType":"Group","RightName":"Owns","IsInherited":false},{"PrincipalSID":"ELAD.NET-S-1-5-32-548","PrincipalType":"Group","RightName":"GenericAll","IsInherited":false},{"PrincipalSID":"S-1-5-21-786322660-383915852-3508207375-512","PrincipalType":"Group","RightName":"GenericAll","IsInherited":false},{"PrincipalSID":"S-1-5-21-786322660-383915852-3508207375-519","PrincipalType":"Group","RightName":"GenericAll","IsInherited":true},{"PrincipalSID":"ELAD.NET-S-1-5-32-544","PrincipalType":"Group","RightName":"WriteDacl","IsInherited":true},{"PrincipalSID":"ELAD.NET-S-1-5-32-544","PrincipalType":"Group","RightName":"WriteOwner","IsInherited":true},{"PrincipalSID":"ELAD.NET-S-1-5-32-544","PrincipalType":"Group","RightName":"GenericWrite","IsInherited":true}],"ObjectIdentifier":"ELAD.NET-S-1-5-32-554","IsDeleted":false,"IsACLProtected":false},{"Properties":{"domain":"ELAD.NET","name":"RAS AND IAS SERVERS@ELAD.NET","distinguishedname":"CN=RAS AND IAS SERVERS,CN=USERS,DC=ELAD,DC=NET","domainsid":"S-1-5-21-786322660-383915852-3508207375","highvalue":false,"samaccountname":"RAS and IAS Servers","description":"Servers in this group can access remote access properties of users","whencreated":1651330784,"admincount":false},"Members":[],"Aces":[{"PrincipalSID":"S-1-5-21-786322660-383915852-3508207375-512","PrincipalType":"Group","RightName":"Owns","IsInherited":false},{"PrincipalSID":"ELAD.NET-S-1-5-32-548","PrincipalType":"Group","RightName":"GenericAll","IsInherited":false},{"PrincipalSID":"S-1-5-21-786322660-383915852-3508207375-512","PrincipalType":"Group","RightName":"GenericAll","IsInherited":false},{"PrincipalSID":"S-1-5-21-786322660-383915852-3508207375-519","PrincipalType":"Group","RightName":"GenericAll","IsInherited":true},{"PrincipalSID":"ELAD.NET-S-1-5-32-544","PrincipalType":"Group","RightName":"WriteDacl","IsInherited":true},{"PrincipalSID":"ELAD.NET-S-1-5-32-544","PrincipalType":"Group","RightName":"WriteOwner","IsInherited":true},{"PrincipalSID":"ELAD.NET-S-1-5-32-544","PrincipalType":"Group","RightName":"GenericWrite","IsInherited":true}],"ObjectIdentifier":"S-1-5-21-786322660-383915852-3508207375-553","IsDeleted":false,"IsACLProtected":false},{"Properties":{"domain":"ELAD.NET","name":"GUESTS@ELAD.NET","distinguishedname":"CN=GUESTS,CN=BUILTIN,DC=ELAD,DC=NET","domainsid":"S-1-5-21-786322660-383915852-3508207375","highvalue":false,"samaccountname":"Guests","description":"Guests have the same access as members of the Users group by default, except for the Guest account which is further restricted","whencreated":1651330609,"admincount":false},"Members":[{"ObjectIdentifier":"S-1-5-21-786322660-383915852-3508207375-514","ObjectType":"Group"},{"ObjectIdentifier":"S-1-5-21-786322660-383915852-3508207375-501","ObjectType":"User"}],"Aces":[{"PrincipalSID":"ELAD.NET-S-1-5-32-544","PrincipalType":"Group","RightName":"Owns","IsInherited":false},{"PrincipalSID":"ELAD.NET-S-1-5-32-548","PrincipalType":"Group","RightName":"GenericAll","IsInherited":false},{"PrincipalSID":"S-1-5-21-786322660-383915852-3508207375-512","PrincipalType":"Group","RightName":"GenericAll","IsInherited":false},{"PrincipalSID":"S-1-5-21-786322660-383915852-3508207375-519","PrincipalType":"Group","RightName":"GenericAll","IsInherited":true},{"PrincipalSID":"ELAD.NET-S-1-5-32-544","PrincipalType":"Group","RightName":"WriteDacl","IsInherited":true},{"PrincipalSID":"ELAD.NET-S-1-5-32-544","PrincipalType":"Group","RightName":"WriteOwner","IsInherited":true},{"PrincipalSID":"ELAD.NET-S-1-5-32-544","PrincipalType":"Group","RightName":"GenericWrite","IsInherited":true}],"ObjectIdentifier":"ELAD.NET-S-1-5-32-546","IsDeleted":false,"IsACLProtected":false},{"Properties":{"domain":"ELAD.NET","name":"ACCESS CONTROL ASSISTANCE OPERATORS@ELAD.NET","distinguishedname":"CN=ACCESS CONTROL ASSISTANCE OPERATORS,CN=BUILTIN,DC=ELAD,DC=NET","domainsid":"S-1-5-21-786322660-383915852-3508207375","highvalue":false,"samaccountname":"Access Control Assistance Operators","description":"Members of this group can remotely query authorization attributes and permissions for resources on this computer.","whencreated":1651330609,"admincount":false},"Members":[],"Aces":[{"PrincipalSID":"ELAD.NET-S-1-5-32-544","PrincipalType":"Group","RightName":"Owns","IsInherited":false},{"PrincipalSID":"ELAD.NET-S-1-5-32-548","PrincipalType":"Group","RightName":"GenericAll","IsInherited":false},{"PrincipalSID":"S-1-5-21-786322660-383915852-3508207375-512","PrincipalType":"Group","RightName":"GenericAll","IsInherited":false},{"PrincipalSID":"S-1-5-21-786322660-383915852-3508207375-519","PrincipalType":"Group","RightName":"GenericAll","IsInherited":true},{"PrincipalSID":"ELAD.NET-S-1-5-32-544","PrincipalType":"Group","RightName":"WriteDacl","IsInherited":true},{"PrincipalSID":"ELAD.NET-S-1-5-32-544","PrincipalType":"Group","RightName":"WriteOwner","IsInherited":true},{"PrincipalSID":"ELAD.NET-S-1-5-32-544","PrincipalType":"Group","RightName":"GenericWrite","IsInherited":true}],"ObjectIdentifier":"ELAD.NET-S-1-5-32-579","IsDeleted":false,"IsACLProtected":false},{"Properties":{"domain":"ELAD.NET","name":"DOMAIN COMPUTERS@ELAD.NET","distinguishedname":"CN=DOMAIN COMPUTERS,CN=USERS,DC=ELAD,DC=NET","domainsid":"S-1-5-21-786322660-383915852-3508207375","highvalue":false,"samaccountname":"Domain Computers","description":"All workstations and servers joined to the domain","whencreated":1651330784,"admincount":false},"Members":[],"Aces":[{"PrincipalSID":"S-1-5-21-786322660-383915852-3508207375-512","PrincipalType":"Group","RightName":"Owns","IsInherited":false},{"PrincipalSID":"ELAD.NET-S-1-5-32-548","PrincipalType":"Group","RightName":"GenericAll","IsInherited":false},{"PrincipalSID":"S-1-5-21-786322660-383915852-3508207375-512","PrincipalType":"Group","RightName":"GenericAll","IsInherited":false},{"PrincipalSID":"S-1-5-21-786322660-383915852-3508207375-519","PrincipalType":"Group","RightName":"GenericAll","IsInherited":true},{"PrincipalSID":"ELAD.NET-S-1-5-32-544","PrincipalType":"Group","RightName":"WriteDacl","IsInherited":true},{"PrincipalSID":"ELAD.NET-S-1-5-32-544","PrincipalType":"Group","RightName":"WriteOwner","IsInherited":true},{"PrincipalSID":"ELAD.NET-S-1-5-32-544","PrincipalType":"Group","RightName":"GenericWrite","IsInherited":true}],"ObjectIdentifier":"S-1-5-21-786322660-383915852-3508207375-515","IsDeleted":false,"IsACLProtected":false},{"Properties":{"domain":"ELAD.NET","name":"BACKUP OPERATORS@ELAD.NET","distinguishedname":"CN=BACKUP OPERATORS,CN=BUILTIN,DC=ELAD,DC=NET","domainsid":"S-1-5-21-786322660-383915852-3508207375","highvalue":true,"samaccountname":"Backup Operators","description":"Backup Operators can override security restrictions for the sole purpose of backing up or restoring files","whencreated":1651330609,"admincount":true},"Members":[],"Aces":[{"PrincipalSID":"S-1-5-21-786322660-383915852-3508207375-512","PrincipalType":"Group","RightName":"Owns","IsInherited":false},{"PrincipalSID":"ELAD.NET-S-1-5-32-544","PrincipalType":"Group","RightName":"WriteDacl","IsInherited":false},{"PrincipalSID":"ELAD.NET-S-1-5-32-544","PrincipalType":"Group","RightName":"WriteOwner","IsInherited":false},{"PrincipalSID":"ELAD.NET-S-1-5-32-544","PrincipalType":"Group","RightName":"GenericWrite","IsInherited":false},{"PrincipalSID":"S-1-5-21-786322660-383915852-3508207375-512","PrincipalType":"Group","RightName":"WriteDacl","IsInherited":false},{"PrincipalSID":"S-1-5-21-786322660-383915852-3508207375-512","PrincipalType":"Group","RightName":"WriteOwner","IsInherited":false},{"PrincipalSID":"S-1-5-21-786322660-383915852-3508207375-512","PrincipalType":"Group","RightName":"GenericWrite","IsInherited":false},{"PrincipalSID":"S-1-5-21-786322660-383915852-3508207375-519","PrincipalType":"Group","RightName":"WriteDacl","IsInherited":false},{"PrincipalSID":"S-1-5-21-786322660-383915852-3508207375-519","PrincipalType":"Group","RightName":"WriteOwner","IsInherited":false},{"PrincipalSID":"S-1-5-21-786322660-383915852-3508207375-519","PrincipalType":"Group","RightName":"GenericWrite","IsInherited":false}],"ObjectIdentifier":"ELAD.NET-S-1-5-32-551","IsDeleted":false,"IsACLProtected":true},{"Properties":{"domain":"ELAD.NET","name":"PERFORMANCE LOG USERS@ELAD.NET","distinguishedname":"CN=PERFORMANCE LOG USERS,CN=BUILTIN,DC=ELAD,DC=NET","domainsid":"S-1-5-21-786322660-383915852-3508207375","highvalue":false,"samaccountname":"Performance Log Users","description":"Members of this group may schedule logging of performance counters, enable trace providers, and collect event traces both locally and via remote access to this computer","whencreated":1651330609,"admincount":false},"Members":[],"Aces":[{"PrincipalSID":"ELAD.NET-S-1-5-32-544","PrincipalType":"Group","RightName":"Owns","IsInherited":false},{"PrincipalSID":"ELAD.NET-S-1-5-32-548","PrincipalType":"Group","RightName":"GenericAll","IsInherited":false},{"PrincipalSID":"S-1-5-21-786322660-383915852-3508207375-512","PrincipalType":"Group","RightName":"GenericAll","IsInherited":false},{"PrincipalSID":"S-1-5-21-786322660-383915852-3508207375-519","PrincipalType":"Group","RightName":"GenericAll","IsInherited":true},{"PrincipalSID":"ELAD.NET-S-1-5-32-544","PrincipalType":"Group","RightName":"WriteDacl","IsInherited":true},{"PrincipalSID":"ELAD.NET-S-1-5-32-544","PrincipalType":"Group","RightName":"WriteOwner","IsInherited":true},{"PrincipalSID":"ELAD.NET-S-1-5-32-544","PrincipalType":"Group","RightName":"GenericWrite","IsInherited":true}],"ObjectIdentifier":"ELAD.NET-S-1-5-32-559","IsDeleted":false,"IsACLProtected":false},{"Properties":{"domain":"ELAD.NET","name":"PRINT OPERATORS@ELAD.NET","distinguishedname":"CN=PRINT OPERATORS,CN=BUILTIN,DC=ELAD,DC=NET","domainsid":"S-1-5-21-786322660-383915852-3508207375","highvalue":true,"samaccountname":"Print Operators","description":"Members can administer printers installed on domain controllers","whencreated":1651330609,"admincount":true},"Members":[],"Aces":[{"PrincipalSID":"S-1-5-21-786322660-383915852-3508207375-512","PrincipalType":"Group","RightName":"Owns","IsInherited":false},{"PrincipalSID":"ELAD.NET-S-1-5-32-544","PrincipalType":"Group","RightName":"WriteDacl","IsInherited":false},{"PrincipalSID":"ELAD.NET-S-1-5-32-544","PrincipalType":"Group","RightName":"WriteOwner","IsInherited":false},{"PrincipalSID":"ELAD.NET-S-1-5-32-544","PrincipalType":"Group","RightName":"GenericWrite","IsInherited":false},{"PrincipalSID":"S-1-5-21-786322660-383915852-3508207375-512","PrincipalType":"Group","RightName":"WriteDacl","IsInherited":false},{"PrincipalSID":"S-1-5-21-786322660-383915852-3508207375-512","PrincipalType":"Group","RightName":"WriteOwner","IsInherited":false},{"PrincipalSID":"S-1-5-21-786322660-383915852-3508207375-512","PrincipalType":"Group","RightName":"GenericWrite","IsInherited":false},{"PrincipalSID":"S-1-5-21-786322660-383915852-3508207375-519","PrincipalType":"Group","RightName":"WriteDacl","IsInherited":false},{"PrincipalSID":"S-1-5-21-786322660-383915852-3508207375-519","PrincipalType":"Group","RightName":"WriteOwner","IsInherited":false},{"PrincipalSID":"S-1-5-21-786322660-383915852-3508207375-519","PrincipalType":"Group","RightName":"GenericWrite","IsInherited":false}],"ObjectIdentifier":"ELAD.NET-S-1-5-32-550","IsDeleted":false,"IsACLProtected":true},{"Properties":{"domain":"ELAD.NET","name":"CERT PUBLISHERS@ELAD.NET","distinguishedname":"CN=CERT PUBLISHERS,CN=USERS,DC=ELAD,DC=NET","domainsid":"S-1-5-21-786322660-383915852-3508207375","highvalue":false,"samaccountname":"Cert Publishers","description":"Members of this group are permitted to publish certificates to the directory","whencreated":1651330784,"admincount":false},"Members":[],"Aces":[{"PrincipalSID":"S-1-5-21-786322660-383915852-3508207375-512","PrincipalType":"Group","RightName":"Owns","IsInherited":false},{"PrincipalSID":"ELAD.NET-S-1-5-32-548","PrincipalType":"Group","RightName":"GenericAll","IsInherited":false},{"PrincipalSID":"S-1-5-21-786322660-383915852-3508207375-512","PrincipalType":"Group","RightName":"GenericAll","IsInherited":false},{"PrincipalSID":"S-1-5-21-786322660-383915852-3508207375-519","PrincipalType":"Group","RightName":"GenericAll","IsInherited":true},{"PrincipalSID":"ELAD.NET-S-1-5-32-544","PrincipalType":"Group","RightName":"WriteDacl","IsInherited":true},{"PrincipalSID":"ELAD.NET-S-1-5-32-544","PrincipalType":"Group","RightName":"WriteOwner","IsInherited":true},{"PrincipalSID":"ELAD.NET-S-1-5-32-544","PrincipalType":"Group","RightName":"GenericWrite","IsInherited":true}],"ObjectIdentifier":"S-1-5-21-786322660-383915852-3508207375-517","IsDeleted":false,"IsACLProtected":false},{"Properties":{"domain":"ELAD.NET","name":"READ-ONLY DOMAIN CONTROLLERS@ELAD.NET","distinguishedname":"CN=READ-ONLY DOMAIN CONTROLLERS,CN=USERS,DC=ELAD,DC=NET","domainsid":"S-1-5-21-786322660-383915852-3508207375","highvalue":false,"samaccountname":"Read-only Domain Controllers","description":"Members of this group are Read-Only Domain Controllers in the domain","whencreated":1651330784,"admincount":true},"Members":[],"Aces":[{"PrincipalSID":"S-1-5-21-786322660-383915852-3508207375-512","PrincipalType":"Group","RightName":"Owns","IsInherited":false},{"PrincipalSID":"ELAD.NET-S-1-5-32-544","PrincipalType":"Group","RightName":"WriteDacl","IsInherited":false},{"PrincipalSID":"ELAD.NET-S-1-5-32-544","PrincipalType":"Group","RightName":"WriteOwner","IsInherited":false},{"PrincipalSID":"ELAD.NET-S-1-5-32-544","PrincipalType":"Group","RightName":"GenericWrite","IsInherited":false},{"PrincipalSID":"S-1-5-21-786322660-383915852-3508207375-512","PrincipalType":"Group","RightName":"WriteDacl","IsInherited":false},{"PrincipalSID":"S-1-5-21-786322660-383915852-3508207375-512","PrincipalType":"Group","RightName":"WriteOwner","IsInherited":false},{"PrincipalSID":"S-1-5-21-786322660-383915852-3508207375-512","PrincipalType":"Group","RightName":"GenericWrite","IsInherited":false},{"PrincipalSID":"S-1-5-21-786322660-383915852-3508207375-519","PrincipalType":"Group","RightName":"WriteDacl","IsInherited":false},{"PrincipalSID":"S-1-5-21-786322660-383915852-3508207375-519","PrincipalType":"Group","RightName":"WriteOwner","IsInherited":false},{"PrincipalSID":"S-1-5-21-786322660-383915852-3508207375-519","PrincipalType":"Group","RightName":"GenericWrite","IsInherited":false}],"ObjectIdentifier":"S-1-5-21-786322660-383915852-3508207375-521","IsDeleted":false,"IsACLProtected":true},{"Properties":{"domain":"ELAD.NET","name":"DOMAIN CONTROLLERS@ELAD.NET","distinguishedname":"CN=DOMAIN CONTROLLERS,CN=USERS,DC=ELAD,DC=NET","domainsid":"S-1-5-21-786322660-383915852-3508207375","highvalue":true,"samaccountname":"Domain Controllers","description":"All domain controllers in the domain","whencreated":1651330784,"admincount":true},"Members":[],"Aces":[{"PrincipalSID":"S-1-5-21-786322660-383915852-3508207375-512","PrincipalType":"Group","RightName":"Owns","IsInherited":false},{"PrincipalSID":"ELAD.NET-S-1-5-32-544","PrincipalType":"Group","RightName":"WriteDacl","IsInherited":false},{"PrincipalSID":"ELAD.NET-S-1-5-32-544","PrincipalType":"Group","RightName":"WriteOwner","IsInherited":false},{"PrincipalSID":"ELAD.NET-S-1-5-32-544","PrincipalType":"Group","RightName":"GenericWrite","IsInherited":false},{"PrincipalSID":"S-1-5-21-786322660-383915852-3508207375-512","PrincipalType":"Group","RightName":"WriteDacl","IsInherited":false},{"PrincipalSID":"S-1-5-21-786322660-383915852-3508207375-512","PrincipalType":"Group","RightName":"WriteOwner","IsInherited":false},{"PrincipalSID":"S-1-5-21-786322660-383915852-3508207375-512","PrincipalType":"Group","RightName":"GenericWrite","IsInherited":false},{"PrincipalSID":"S-1-5-21-786322660-383915852-3508207375-519","PrincipalType":"Group","RightName":"WriteDacl","IsInherited":false},{"PrincipalSID":"S-1-5-21-786322660-383915852-3508207375-519","PrincipalType":"Group","RightName":"WriteOwner","IsInherited":false},{"PrincipalSID":"S-1-5-21-786322660-383915852-3508207375-519","PrincipalType":"Group","RightName":"GenericWrite","IsInherited":false}],"ObjectIdentifier":"S-1-5-21-786322660-383915852-3508207375-516","IsDeleted":false,"IsACLProtected":true},{"Properties":{"domain":"ELAD.NET","name":"ENTERPRISE READ-ONLY DOMAIN CONTROLLERS@ELAD.NET","distinguishedname":"CN=ENTERPRISE READ-ONLY DOMAIN CONTROLLERS,CN=USERS,DC=ELAD,DC=NET","domainsid":"S-1-5-21-786322660-383915852-3508207375","highvalue":false,"samaccountname":"Enterprise Read-only Domain Controllers","description":"Members of this group are Read-Only Domain Controllers in the enterprise","whencreated":1651330784,"admincount":false},"Members":[],"Aces":[{"PrincipalSID":"S-1-5-21-786322660-383915852-3508207375-512","PrincipalType":"Group","RightName":"Owns","IsInherited":false},{"PrincipalSID":"ELAD.NET-S-1-5-32-548","PrincipalType":"Group","RightName":"GenericAll","IsInherited":false},{"PrincipalSID":"S-1-5-21-786322660-383915852-3508207375-512","PrincipalType":"Group","RightName":"GenericAll","IsInherited":false},{"PrincipalSID":"S-1-5-21-786322660-383915852-3508207375-519","PrincipalType":"Group","RightName":"GenericAll","IsInherited":true},{"PrincipalSID":"ELAD.NET-S-1-5-32-544","PrincipalType":"Group","RightName":"WriteDacl","IsInherited":true},{"PrincipalSID":"ELAD.NET-S-1-5-32-544","PrincipalType":"Group","RightName":"WriteOwner","IsInherited":true},{"PrincipalSID":"ELAD.NET-S-1-5-32-544","PrincipalType":"Group","RightName":"GenericWrite","IsInherited":true}],"ObjectIdentifier":"S-1-5-21-786322660-383915852-3508207375-498","IsDeleted":false,"IsACLProtected":false},{"Properties":{"domain":"ELAD.NET","name":"PROTECTED USERS@ELAD.NET","distinguishedname":"CN=PROTECTED USERS,CN=USERS,DC=ELAD,DC=NET","domainsid":"S-1-5-21-786322660-383915852-3508207375","highvalue":false,"samaccountname":"Protected Users","description":"Members of this group are afforded additional protections against authentication security threats. See http://go.microsoft.com/fwlink/?LinkId=298939 for more information.","whencreated":1651330784,"admincount":false},"Members":[],"Aces":[{"PrincipalSID":"S-1-5-21-786322660-383915852-3508207375-512","PrincipalType":"Group","RightName":"Owns","IsInherited":false},{"PrincipalSID":"ELAD.NET-S-1-5-32-548","PrincipalType":"Group","RightName":"GenericAll","IsInherited":false},{"PrincipalSID":"S-1-5-21-786322660-383915852-3508207375-512","PrincipalType":"Group","RightName":"GenericAll","IsInherited":false},{"PrincipalSID":"S-1-5-21-786322660-383915852-3508207375-519","PrincipalType":"Group","RightName":"GenericAll","IsInherited":true},{"PrincipalSID":"ELAD.NET-S-1-5-32-544","PrincipalType":"Group","RightName":"WriteDacl","IsInherited":true},{"PrincipalSID":"ELAD.NET-S-1-5-32-544","PrincipalType":"Group","RightName":"WriteOwner","IsInherited":true},{"PrincipalSID":"ELAD.NET-S-1-5-32-544","PrincipalType":"Group","RightName":"GenericWrite","IsInherited":true}],"ObjectIdentifier":"S-1-5-21-786322660-383915852-3508207375-525","IsDeleted":false,"IsACLProtected":false},{"Properties":{"domain":"ELAD.NET","name":"CLONEABLE DOMAIN CONTROLLERS@ELAD.NET","distinguishedname":"CN=CLONEABLE DOMAIN CONTROLLERS,CN=USERS,DC=ELAD,DC=NET","domainsid":"S-1-5-21-786322660-383915852-3508207375","highvalue":false,"samaccountname":"Cloneable Domain Controllers","description":"Members of this group that are domain controllers may be cloned.","whencreated":1651330784,"admincount":false},"Members":[],"Aces":[{"PrincipalSID":"S-1-5-21-786322660-383915852-3508207375-512","PrincipalType":"Group","RightName":"Owns","IsInherited":false},{"PrincipalSID":"ELAD.NET-S-1-5-32-548","PrincipalType":"Group","RightName":"GenericAll","IsInherited":false},{"PrincipalSID":"S-1-5-21-786322660-383915852-3508207375-512","PrincipalType":"Group","RightName":"GenericAll","IsInherited":false},{"PrincipalSID":"S-1-5-21-786322660-383915852-3508207375-519","PrincipalType":"Group","RightName":"GenericAll","IsInherited":true},{"PrincipalSID":"ELAD.NET-S-1-5-32-544","PrincipalType":"Group","RightName":"WriteDacl","IsInherited":true},{"PrincipalSID":"ELAD.NET-S-1-5-32-544","PrincipalType":"Group","RightName":"WriteOwner","IsInherited":true},{"PrincipalSID":"ELAD.NET-S-1-5-32-544","PrincipalType":"Group","RightName":"GenericWrite","IsInherited":true}],"ObjectIdentifier":"S-1-5-21-786322660-383915852-3508207375-522","IsDeleted":false,"IsACLProtected":false},{"Properties":{"domain":"ELAD.NET","name":"MARKETING@ELAD.NET","distinguishedname":"CN=MARKETING,CN=USERS,DC=ELAD,DC=NET","domainsid":"S-1-5-21-786322660-383915852-3508207375","highvalue":false,"samaccountname":"marketing","description":null,"whencreated":1659206337,"admincount":false},"Members":[{"ObjectIdentifier":"S-1-5-21-786322660-383915852-3508207375-1687","ObjectType":"User"},{"ObjectIdentifier":"S-1-5-21-786322660-383915852-3508207375-1615","ObjectType":"User"}],"Aces":[{"PrincipalSID":"S-1-5-21-786322660-383915852-3508207375-512","PrincipalType":"Group","RightName":"Owns","IsInherited":false},{"PrincipalSID":"ELAD.NET-S-1-5-32-548","PrincipalType":"Group","RightName":"GenericAll","IsInherited":false},{"PrincipalSID":"S-1-5-21-786322660-383915852-3508207375-512","PrincipalType":"Group","RightName":"GenericAll","IsInherited":false},{"PrincipalSID":"S-1-5-21-786322660-383915852-3508207375-519","PrincipalType":"Group","RightName":"GenericAll","IsInherited":true},{"PrincipalSID":"ELAD.NET-S-1-5-32-544","PrincipalType":"Group","RightName":"WriteDacl","IsInherited":true},{"PrincipalSID":"ELAD.NET-S-1-5-32-544","PrincipalType":"Group","RightName":"WriteOwner","IsInherited":true},{"PrincipalSID":"ELAD.NET-S-1-5-32-544","PrincipalType":"Group","RightName":"GenericWrite","IsInherited":true}],"ObjectIdentifier":"S-1-5-21-786322660-383915852-3508207375-1708","IsDeleted":false,"IsACLProtected":false},{"Properties":{"domain":"ELAD.NET","name":"SALES@ELAD.NET","distinguishedname":"CN=SALES,CN=USERS,DC=ELAD,DC=NET","domainsid":"S-1-5-21-786322660-383915852-3508207375","highvalue":false,"samaccountname":"sales","description":null,"whencreated":1659206337,"admincount":false},"Members":[{"ObjectIdentifier":"S-1-5-21-786322660-383915852-3508207375-1697","ObjectType":"User"},{"ObjectIdentifier":"S-1-5-21-786322660-383915852-3508207375-1656","ObjectType":"User"},{"ObjectIdentifier":"S-1-5-21-786322660-383915852-3508207375-1653","ObjectType":"User"},{"ObjectIdentifier":"S-1-5-21-786322660-383915852-3508207375-1616","ObjectType":"User"}],"Aces":[{"PrincipalSID":"S-1-5-21-786322660-383915852-3508207375-512","PrincipalType":"Group","RightName":"Owns","IsInherited":false},{"PrincipalSID":"ELAD.NET-S-1-5-32-548","PrincipalType":"Group","RightName":"GenericAll","IsInherited":false},{"PrincipalSID":"S-1-5-21-786322660-383915852-3508207375-512","PrincipalType":"Group","RightName":"GenericAll","IsInherited":false},{"PrincipalSID":"S-1-5-21-786322660-383915852-3508207375-519","PrincipalType":"Group","RightName":"GenericAll","IsInherited":true},{"PrincipalSID":"ELAD.NET-S-1-5-32-544","PrincipalType":"Group","RightName":"WriteDacl","IsInherited":true},{"PrincipalSID":"ELAD.NET-S-1-5-32-544","PrincipalType":"Group","RightName":"WriteOwner","IsInherited":true},{"PrincipalSID":"ELAD.NET-S-1-5-32-544","PrincipalType":"Group","RightName":"GenericWrite","IsInherited":true}],"ObjectIdentifier":"S-1-5-21-786322660-383915852-3508207375-1709","IsDeleted":false,"IsACLProtected":false},{"Properties":{"domain":"ELAD.NET","name":"ACCOUNTING@ELAD.NET","distinguishedname":"CN=ACCOUNTING,CN=USERS,DC=ELAD,DC=NET","domainsid":"S-1-5-21-786322660-383915852-3508207375","highvalue":false,"samaccountname":"accounting","description":null,"whencreated":1659206337,"admincount":false},"Members":[{"ObjectIdentifier":"S-1-5-21-786322660-383915852-3508207375-1701","ObjectType":"User"},{"ObjectIdentifier":"S-1-5-21-786322660-383915852-3508207375-1700","ObjectType":"User"},{"ObjectIdentifier":"S-1-5-21-786322660-383915852-3508207375-1689","ObjectType":"User"},{"ObjectIdentifier":"S-1-5-21-786322660-383915852-3508207375-1677","ObjectType":"User"},{"ObjectIdentifier":"S-1-5-21-786322660-383915852-3508207375-1662","ObjectType":"User"},{"ObjectIdentifier":"S-1-5-21-786322660-383915852-3508207375-1660","ObjectType":"User"},{"ObjectIdentifier":"S-1-5-21-786322660-383915852-3508207375-1657","ObjectType":"User"},{"ObjectIdentifier":"S-1-5-21-786322660-383915852-3508207375-1627","ObjectType":"User"},{"ObjectIdentifier":"S-1-5-21-786322660-383915852-3508207375-1613","ObjectType":"User"}],"Aces":[{"PrincipalSID":"S-1-5-21-786322660-383915852-3508207375-512","PrincipalType":"Group","RightName":"Owns","IsInherited":false},{"PrincipalSID":"ELAD.NET-S-1-5-32-548","PrincipalType":"Group","RightName":"GenericAll","IsInherited":false},{"PrincipalSID":"S-1-5-21-786322660-383915852-3508207375-512","PrincipalType":"Group","RightName":"GenericAll","IsInherited":false},{"PrincipalSID":"S-1-5-21-786322660-383915852-3508207375-1661","PrincipalType":"User","RightName":"GenericAll","IsInherited":false},{"PrincipalSID":"S-1-5-21-786322660-383915852-3508207375-519","PrincipalType":"Group","RightName":"GenericAll","IsInherited":true},{"PrincipalSID":"ELAD.NET-S-1-5-32-544","PrincipalType":"Group","RightName":"WriteDacl","IsInherited":true},{"PrincipalSID":"ELAD.NET-S-1-5-32-544","PrincipalType":"Group","RightName":"WriteOwner","IsInherited":true},{"PrincipalSID":"ELAD.NET-S-1-5-32-544","PrincipalType":"Group","RightName":"GenericWrite","IsInherited":true}],"ObjectIdentifier":"S-1-5-21-786322660-383915852-3508207375-1710","IsDeleted":false,"IsACLProtected":false},{"Properties":{"domain":"ELAD.NET","name":"INCOMING FOREST TRUST BUILDERS@ELAD.NET","distinguishedname":"CN=INCOMING FOREST TRUST BUILDERS,CN=BUILTIN,DC=ELAD,DC=NET","domainsid":"S-1-5-21-786322660-383915852-3508207375","highvalue":false,"samaccountname":"Incoming Forest Trust Builders","description":"Members of this group can create incoming, one-way trusts to this forest","whencreated":1651330784,"admincount":false},"Members":[],"Aces":[{"PrincipalSID":"S-1-5-21-786322660-383915852-3508207375-512","PrincipalType":"Group","RightName":"Owns","IsInherited":false},{"PrincipalSID":"ELAD.NET-S-1-5-32-548","PrincipalType":"Group","RightName":"GenericAll","IsInherited":false},{"PrincipalSID":"S-1-5-21-786322660-383915852-3508207375-512","PrincipalType":"Group","RightName":"GenericAll","IsInherited":false},{"PrincipalSID":"S-1-5-21-786322660-383915852-3508207375-519","PrincipalType":"Group","RightName":"GenericAll","IsInherited":true},{"PrincipalSID":"ELAD.NET-S-1-5-32-544","PrincipalType":"Group","RightName":"WriteDacl","IsInherited":true},{"PrincipalSID":"ELAD.NET-S-1-5-32-544","PrincipalType":"Group","RightName":"WriteOwner","IsInherited":true},{"PrincipalSID":"ELAD.NET-S-1-5-32-544","PrincipalType":"Group","RightName":"GenericWrite","IsInherited":true}],"ObjectIdentifier":"ELAD.NET-S-1-5-32-557","IsDeleted":false,"IsACLProtected":false},{"Properties":{"domain":"ELAD.NET","name":"KEY ADMINS@ELAD.NET","distinguishedname":"CN=KEY ADMINS,CN=USERS,DC=ELAD,DC=NET","domainsid":"S-1-5-21-786322660-383915852-3508207375","highvalue":false,"samaccountname":"Key Admins","description":"Members of this group can perform administrative actions on key objects within the domain.","whencreated":1651330784,"admincount":true},"Members":[],"Aces":[{"PrincipalSID":"S-1-5-21-786322660-383915852-3508207375-512","PrincipalType":"Group","RightName":"Owns","IsInherited":false},{"PrincipalSID":"ELAD.NET-S-1-5-32-544","PrincipalType":"Group","RightName":"WriteDacl","IsInherited":false},{"PrincipalSID":"ELAD.NET-S-1-5-32-544","PrincipalType":"Group","RightName":"WriteOwner","IsInherited":false},{"PrincipalSID":"ELAD.NET-S-1-5-32-544","PrincipalType":"Group","RightName":"GenericWrite","IsInherited":false},{"PrincipalSID":"S-1-5-21-786322660-383915852-3508207375-512","PrincipalType":"Group","RightName":"WriteDacl","IsInherited":false},{"PrincipalSID":"S-1-5-21-786322660-383915852-3508207375-512","PrincipalType":"Group","RightName":"WriteOwner","IsInherited":false},{"PrincipalSID":"S-1-5-21-786322660-383915852-3508207375-512","PrincipalType":"Group","RightName":"GenericWrite","IsInherited":false},{"PrincipalSID":"S-1-5-21-786322660-383915852-3508207375-519","PrincipalType":"Group","RightName":"WriteDacl","IsInherited":false},{"PrincipalSID":"S-1-5-21-786322660-383915852-3508207375-519","PrincipalType":"Group","RightName":"WriteOwner","IsInherited":false},{"PrincipalSID":"S-1-5-21-786322660-383915852-3508207375-519","PrincipalType":"Group","RightName":"GenericWrite","IsInherited":false}],"ObjectIdentifier":"S-1-5-21-786322660-383915852-3508207375-526","IsDeleted":false,"IsACLProtected":true},{"Properties":{"domain":"ELAD.NET","name":"ENTERPRISE KEY ADMINS@ELAD.NET","distinguishedname":"CN=ENTERPRISE KEY ADMINS,CN=USERS,DC=ELAD,DC=NET","domainsid":"S-1-5-21-786322660-383915852-3508207375","highvalue":false,"samaccountname":"Enterprise Key Admins","description":"Members of this group can perform administrative actions on key objects within the forest.","whencreated":1651330784,"admincount":false},"Members":[],"Aces":[{"PrincipalSID":"S-1-5-21-786322660-383915852-3508207375-512","PrincipalType":"Group","RightName":"Owns","IsInherited":false},{"PrincipalSID":"ELAD.NET-S-1-5-32-548","PrincipalType":"Group","RightName":"GenericAll","IsInherited":false},{"PrincipalSID":"S-1-5-21-786322660-383915852-3508207375-512","PrincipalType":"Group","RightName":"GenericAll","IsInherited":false},{"PrincipalSID":"S-1-5-21-786322660-383915852-3508207375-519","PrincipalType":"Group","RightName":"GenericAll","IsInherited":true},{"PrincipalSID":"ELAD.NET-S-1-5-32-544","PrincipalType":"Group","RightName":"WriteDacl","IsInherited":true},{"PrincipalSID":"ELAD.NET-S-1-5-32-544","PrincipalType":"Group","RightName":"WriteOwner","IsInherited":true},{"PrincipalSID":"ELAD.NET-S-1-5-32-544","PrincipalType":"Group","RightName":"GenericWrite","IsInherited":true}],"ObjectIdentifier":"S-1-5-21-786322660-383915852-3508207375-527","IsDeleted":false,"IsACLProtected":false},{"Properties":{"domain":"ELAD.NET","name":"DNSADMINS@ELAD.NET","distinguishedname":"CN=DNSADMINS,CN=USERS,DC=ELAD,DC=NET","domainsid":"S-1-5-21-786322660-383915852-3508207375","highvalue":false,"samaccountname":"DnsAdmins","description":"DNS Administrators Group","whencreated":1651330824,"admincount":false},"Members":[{"ObjectIdentifier":"S-1-5-21-786322660-383915852-3508207375-1706","ObjectType":"Group"},{"ObjectIdentifier":"S-1-5-21-786322660-383915852-3508207375-1700","ObjectType":"User"},{"ObjectIdentifier":"S-1-5-21-786322660-383915852-3508207375-1694","ObjectType":"User"},{"ObjectIdentifier":"S-1-5-21-786322660-383915852-3508207375-1692","ObjectType":"User"},{"ObjectIdentifier":"S-1-5-21-786322660-383915852-3508207375-1617","ObjectType":"User"}],"Aces":[{"PrincipalSID":"ELAD.NET-S-1-5-32-548","PrincipalType":"Group","RightName":"GenericAll","IsInherited":false},{"PrincipalSID":"S-1-5-21-786322660-383915852-3508207375-512","PrincipalType":"Group","RightName":"GenericAll","IsInherited":false},{"PrincipalSID":"S-1-5-21-786322660-383915852-3508207375-519","PrincipalType":"Group","RightName":"GenericAll","IsInherited":true},{"PrincipalSID":"ELAD.NET-S-1-5-32-544","PrincipalType":"Group","RightName":"WriteDacl","IsInherited":true},{"PrincipalSID":"ELAD.NET-S-1-5-32-544","PrincipalType":"Group","RightName":"WriteOwner","IsInherited":true},{"PrincipalSID":"ELAD.NET-S-1-5-32-544","PrincipalType":"Group","RightName":"GenericWrite","IsInherited":true}],"ObjectIdentifier":"S-1-5-21-786322660-383915852-3508207375-1101","IsDeleted":false,"IsACLProtected":false},{"Properties":{"domain":"ELAD.NET","name":"DNSUPDATEPROXY@ELAD.NET","distinguishedname":"CN=DNSUPDATEPROXY,CN=USERS,DC=ELAD,DC=NET","domainsid":"S-1-5-21-786322660-383915852-3508207375","highvalue":false,"samaccountname":"DnsUpdateProxy","description":"DNS clients who are permitted to perform dynamic updates on behalf of some other clients (such as DHCP servers).","whencreated":1651330824,"admincount":false},"Members":[],"Aces":[{"PrincipalSID":"ELAD.NET-S-1-5-32-548","PrincipalType":"Group","RightName":"GenericAll","IsInherited":false},{"PrincipalSID":"S-1-5-21-786322660-383915852-3508207375-512","PrincipalType":"Group","RightName":"GenericAll","IsInherited":false},{"PrincipalSID":"S-1-5-21-786322660-383915852-3508207375-519","PrincipalType":"Group","RightName":"GenericAll","IsInherited":true},{"PrincipalSID":"ELAD.NET-S-1-5-32-544","PrincipalType":"Group","RightName":"WriteDacl","IsInherited":true},{"PrincipalSID":"ELAD.NET-S-1-5-32-544","PrincipalType":"Group","RightName":"WriteOwner","IsInherited":true},{"PrincipalSID":"ELAD.NET-S-1-5-32-544","PrincipalType":"Group","RightName":"GenericWrite","IsInherited":true}],"ObjectIdentifier":"S-1-5-21-786322660-383915852-3508207375-1102","IsDeleted":false,"IsACLProtected":false},{"Properties":{"domain":"ELAD.NET","name":"REPLICATORS@ELAD.NET","distinguishedname":"CN=REPLICATOR,CN=BUILTIN,DC=ELAD,DC=NET","domainsid":"S-1-5-21-786322660-383915852-3508207375","highvalue":false,"samaccountname":"Replicator","description":"Supports file replication in a domain","whencreated":1651330609,"admincount":true},"Members":[],"Aces":[{"PrincipalSID":"S-1-5-21-786322660-383915852-3508207375-512","PrincipalType":"Group","RightName":"Owns","IsInherited":false},{"PrincipalSID":"ELAD.NET-S-1-5-32-544","PrincipalType":"Group","RightName":"WriteDacl","IsInherited":false},{"PrincipalSID":"ELAD.NET-S-1-5-32-544","PrincipalType":"Group","RightName":"WriteOwner","IsInherited":false},{"PrincipalSID":"ELAD.NET-S-1-5-32-544","PrincipalType":"Group","RightName":"GenericWrite","IsInherited":false},{"PrincipalSID":"S-1-5-21-786322660-383915852-3508207375-512","PrincipalType":"Group","RightName":"WriteDacl","IsInherited":false},{"PrincipalSID":"S-1-5-21-786322660-383915852-3508207375-512","PrincipalType":"Group","RightName":"WriteOwner","IsInherited":false},{"PrincipalSID":"S-1-5-21-786322660-383915852-3508207375-512","PrincipalType":"Group","RightName":"GenericWrite","IsInherited":false},{"PrincipalSID":"S-1-5-21-786322660-383915852-3508207375-519","PrincipalType":"Group","RightName":"WriteDacl","IsInherited":false},{"PrincipalSID":"S-1-5-21-786322660-383915852-3508207375-519","PrincipalType":"Group","RightName":"WriteOwner","IsInherited":false},{"PrincipalSID":"S-1-5-21-786322660-383915852-3508207375-519","PrincipalType":"Group","RightName":"GenericWrite","IsInherited":false}],"ObjectIdentifier":"ELAD.NET-S-1-5-32-552","IsDeleted":false,"IsACLProtected":true},{"Properties":{"domain":"ELAD.NET","name":"EVENT LOG READERS@ELAD.NET","distinguishedname":"CN=EVENT LOG READERS,CN=BUILTIN,DC=ELAD,DC=NET","domainsid":"S-1-5-21-786322660-383915852-3508207375","highvalue":false,"samaccountname":"Event Log Readers","description":"Members of this group can read event logs from local machine","whencreated":1651330609,"admincount":false},"Members":[],"Aces":[{"PrincipalSID":"ELAD.NET-S-1-5-32-544","PrincipalType":"Group","RightName":"Owns","IsInherited":false},{"PrincipalSID":"ELAD.NET-S-1-5-32-548","PrincipalType":"Group","RightName":"GenericAll","IsInherited":false},{"PrincipalSID":"S-1-5-21-786322660-383915852-3508207375-512","PrincipalType":"Group","RightName":"GenericAll","IsInherited":false},{"PrincipalSID":"S-1-5-21-786322660-383915852-3508207375-519","PrincipalType":"Group","RightName":"GenericAll","IsInherited":true},{"PrincipalSID":"ELAD.NET-S-1-5-32-544","PrincipalType":"Group","RightName":"WriteDacl","IsInherited":true},{"PrincipalSID":"ELAD.NET-S-1-5-32-544","PrincipalType":"Group","RightName":"WriteOwner","IsInherited":true},{"PrincipalSID":"ELAD.NET-S-1-5-32-544","PrincipalType":"Group","RightName":"GenericWrite","IsInherited":true}],"ObjectIdentifier":"ELAD.NET-S-1-5-32-573","IsDeleted":false,"IsACLProtected":false},{"Properties":{"domain":"ELAD.NET","name":"USERS@ELAD.NET","distinguishedname":"CN=USERS,CN=BUILTIN,DC=ELAD,DC=NET","domainsid":"S-1-5-21-786322660-383915852-3508207375","highvalue":false,"samaccountname":"Users","description":"Users are prevented from making accidental or intentional system-wide changes and can run most applications","whencreated":1651330609,"admincount":false},"Members":[{"ObjectIdentifier":"S-1-5-21-786322660-383915852-3508207375-513","ObjectType":"Group"},{"ObjectIdentifier":"ELAD.NET-S-1-5-11","ObjectType":"Group"},{"ObjectIdentifier":"ELAD.NET-S-1-5-4","ObjectType":"Group"}],"Aces":[{"PrincipalSID":"ELAD.NET-S-1-5-32-544","PrincipalType":"Group","RightName":"Owns","IsInherited":false},{"PrincipalSID":"ELAD.NET-S-1-5-32-548","PrincipalType":"Group","RightName":"GenericAll","IsInherited":false},{"PrincipalSID":"S-1-5-21-786322660-383915852-3508207375-512","PrincipalType":"Group","RightName":"GenericAll","IsInherited":false},{"PrincipalSID":"S-1-5-21-786322660-383915852-3508207375-519","PrincipalType":"Group","RightName":"GenericAll","IsInherited":true},{"PrincipalSID":"ELAD.NET-S-1-5-32-544","PrincipalType":"Group","RightName":"WriteDacl","IsInherited":true},{"PrincipalSID":"ELAD.NET-S-1-5-32-544","PrincipalType":"Group","RightName":"WriteOwner","IsInherited":true},{"PrincipalSID":"ELAD.NET-S-1-5-32-544","PrincipalType":"Group","RightName":"GenericWrite","IsInherited":true}],"ObjectIdentifier":"ELAD.NET-S-1-5-32-545","IsDeleted":false,"IsACLProtected":false},{"Properties":{"domain":"ELAD.NET","name":"IIS_IUSRS@ELAD.NET","distinguishedname":"CN=IIS_IUSRS,CN=BUILTIN,DC=ELAD,DC=NET","domainsid":"S-1-5-21-786322660-383915852-3508207375","highvalue":false,"samaccountname":"IIS_IUSRS","description":"Built-in group used by Internet Information Services.","whencreated":1651330609,"admincount":false},"Members":[{"ObjectIdentifier":"ELAD.NET-S-1-5-17","ObjectType":"Group"}],"Aces":[{"PrincipalSID":"ELAD.NET-S-1-5-32-544","PrincipalType":"Group","RightName":"Owns","IsInherited":false},{"PrincipalSID":"ELAD.NET-S-1-5-32-548","PrincipalType":"Group","RightName":"GenericAll","IsInherited":false},{"PrincipalSID":"S-1-5-21-786322660-383915852-3508207375-512","PrincipalType":"Group","RightName":"GenericAll","IsInherited":false},{"PrincipalSID":"S-1-5-21-786322660-383915852-3508207375-519","PrincipalType":"Group","RightName":"GenericAll","IsInherited":true},{"PrincipalSID":"ELAD.NET-S-1-5-32-544","PrincipalType":"Group","RightName":"WriteDacl","IsInherited":true},{"PrincipalSID":"ELAD.NET-S-1-5-32-544","PrincipalType":"Group","RightName":"WriteOwner","IsInherited":true},{"PrincipalSID":"ELAD.NET-S-1-5-32-544","PrincipalType":"Group","RightName":"GenericWrite","IsInherited":true}],"ObjectIdentifier":"ELAD.NET-S-1-5-32-568","IsDeleted":false,"IsACLProtected":false},{"Properties":{"domain":"ELAD.NET","name":"DOMAIN ADMINS@ELAD.NET","distinguishedname":"CN=DOMAIN ADMINS,CN=USERS,DC=ELAD,DC=NET","domainsid":"S-1-5-21-786322660-383915852-3508207375","highvalue":true,"samaccountname":"Domain Admins","description":"Designated administrators of the domain","whencreated":1651330784,"admincount":true},"Members":[{"ObjectIdentifier":"S-1-5-21-786322660-383915852-3508207375-1103","ObjectType":"User"},{"ObjectIdentifier":"S-1-5-21-786322660-383915852-3508207375-500","ObjectType":"User"}],"Aces":[{"PrincipalSID":"S-1-5-21-786322660-383915852-3508207375-512","PrincipalType":"Group","RightName":"Owns","IsInherited":false},{"PrincipalSID":"ELAD.NET-S-1-5-32-544","PrincipalType":"Group","RightName":"WriteDacl","IsInherited":false},{"PrincipalSID":"ELAD.NET-S-1-5-32-544","PrincipalType":"Group","RightName":"WriteOwner","IsInherited":false},{"PrincipalSID":"ELAD.NET-S-1-5-32-544","PrincipalType":"Group","RightName":"GenericWrite","IsInherited":false},{"PrincipalSID":"S-1-5-21-786322660-383915852-3508207375-512","PrincipalType":"Group","RightName":"WriteDacl","IsInherited":false},{"PrincipalSID":"S-1-5-21-786322660-383915852-3508207375-512","PrincipalType":"Group","RightName":"WriteOwner","IsInherited":false},{"PrincipalSID":"S-1-5-21-786322660-383915852-3508207375-512","PrincipalType":"Group","RightName":"GenericWrite","IsInherited":false},{"PrincipalSID":"S-1-5-21-786322660-383915852-3508207375-519","PrincipalType":"Group","RightName":"WriteDacl","IsInherited":false},{"PrincipalSID":"S-1-5-21-786322660-383915852-3508207375-519","PrincipalType":"Group","RightName":"WriteOwner","IsInherited":false},{"PrincipalSID":"S-1-5-21-786322660-383915852-3508207375-519","PrincipalType":"Group","RightName":"GenericWrite","IsInherited":false}],"ObjectIdentifier":"S-1-5-21-786322660-383915852-3508207375-512","IsDeleted":false,"IsACLProtected":true},{"Properties":{"domain":"ELAD.NET","name":"NETWORK CONFIGURATION OPERATORS@ELAD.NET","distinguishedname":"CN=NETWORK CONFIGURATION OPERATORS,CN=BUILTIN,DC=ELAD,DC=NET","domainsid":"S-1-5-21-786322660-383915852-3508207375","highvalue":false,"samaccountname":"Network Configuration Operators","description":"Members in this group can have some administrative privileges to manage configuration of networking features","whencreated":1651330609,"admincount":false},"Members":[],"Aces":[{"PrincipalSID":"ELAD.NET-S-1-5-32-544","PrincipalType":"Group","RightName":"Owns","IsInherited":false},{"PrincipalSID":"ELAD.NET-S-1-5-32-548","PrincipalType":"Group","RightName":"GenericAll","IsInherited":false},{"PrincipalSID":"S-1-5-21-786322660-383915852-3508207375-512","PrincipalType":"Group","RightName":"GenericAll","IsInherited":false},{"PrincipalSID":"S-1-5-21-786322660-383915852-3508207375-519","PrincipalType":"Group","RightName":"GenericAll","IsInherited":true},{"PrincipalSID":"ELAD.NET-S-1-5-32-544","PrincipalType":"Group","RightName":"WriteDacl","IsInherited":true},{"PrincipalSID":"ELAD.NET-S-1-5-32-544","PrincipalType":"Group","RightName":"WriteOwner","IsInherited":true},{"PrincipalSID":"ELAD.NET-S-1-5-32-544","PrincipalType":"Group","RightName":"GenericWrite","IsInherited":true}],"ObjectIdentifier":"ELAD.NET-S-1-5-32-556","IsDeleted":false,"IsACLProtected":false},{"Properties":{"domain":"ELAD.NET","name":"RDS REMOTE ACCESS SERVERS@ELAD.NET","distinguishedname":"CN=RDS REMOTE ACCESS SERVERS,CN=BUILTIN,DC=ELAD,DC=NET","domainsid":"S-1-5-21-786322660-383915852-3508207375","highvalue":false,"samaccountname":"RDS Remote Access Servers","description":"Servers in this group enable users of RemoteApp programs and personal virtual desktops access to these resources. In Internet-facing deployments, these servers are typically deployed in an edge network. This group needs to be populated on servers running RD Connection Broker. RD Gateway servers and RD Web Access servers used in the deployment need to be in this group.","whencreated":1651330609,"admincount":false},"Members":[],"Aces":[{"PrincipalSID":"ELAD.NET-S-1-5-32-544","PrincipalType":"Group","RightName":"Owns","IsInherited":false},{"PrincipalSID":"ELAD.NET-S-1-5-32-548","PrincipalType":"Group","RightName":"GenericAll","IsInherited":false},{"PrincipalSID":"S-1-5-21-786322660-383915852-3508207375-512","PrincipalType":"Group","RightName":"GenericAll","IsInherited":false},{"PrincipalSID":"S-1-5-21-786322660-383915852-3508207375-519","PrincipalType":"Group","RightName":"GenericAll","IsInherited":true},{"PrincipalSID":"ELAD.NET-S-1-5-32-544","PrincipalType":"Group","RightName":"WriteDacl","IsInherited":true},{"PrincipalSID":"ELAD.NET-S-1-5-32-544","PrincipalType":"Group","RightName":"WriteOwner","IsInherited":true},{"PrincipalSID":"ELAD.NET-S-1-5-32-544","PrincipalType":"Group","RightName":"GenericWrite","IsInherited":true}],"ObjectIdentifier":"ELAD.NET-S-1-5-32-575","IsDeleted":false,"IsACLProtected":false},{"Properties":{"domain":"ELAD.NET","name":"OFFICE ADMIN@ELAD.NET","distinguishedname":"CN=OFFICE ADMIN,CN=USERS,DC=ELAD,DC=NET","domainsid":"S-1-5-21-786322660-383915852-3508207375","highvalue":false,"samaccountname":"Office Admin","description":null,"whencreated":1659206336,"admincount":false},"Members":[{"ObjectIdentifier":"S-1-5-21-786322660-383915852-3508207375-1695","ObjectType":"User"},{"ObjectIdentifier":"S-1-5-21-786322660-383915852-3508207375-1683","ObjectType":"User"},{"ObjectIdentifier":"S-1-5-21-786322660-383915852-3508207375-1668","ObjectType":"User"},{"ObjectIdentifier":"S-1-5-21-786322660-383915852-3508207375-1665","ObjectType":"User"},{"ObjectIdentifier":"S-1-5-21-786322660-383915852-3508207375-1655","ObjectType":"User"},{"ObjectIdentifier":"S-1-5-21-786322660-383915852-3508207375-1650","ObjectType":"User"},{"ObjectIdentifier":"S-1-5-21-786322660-383915852-3508207375-1636","ObjectType":"User"},{"ObjectIdentifier":"S-1-5-21-786322660-383915852-3508207375-1617","ObjectType":"User"}],"Aces":[{"PrincipalSID":"S-1-5-21-786322660-383915852-3508207375-512","PrincipalType":"Group","RightName":"Owns","IsInherited":false},{"PrincipalSID":"ELAD.NET-S-1-5-32-548","PrincipalType":"Group","RightName":"GenericAll","IsInherited":false},{"PrincipalSID":"S-1-5-21-786322660-383915852-3508207375-512","PrincipalType":"Group","RightName":"GenericAll","IsInherited":false},{"PrincipalSID":"S-1-5-21-786322660-383915852-3508207375-1706","PrincipalType":"Group","RightName":"GenericAll","IsInherited":false},{"PrincipalSID":"S-1-5-21-786322660-383915852-3508207375-519","PrincipalType":"Group","RightName":"GenericAll","IsInherited":true},{"PrincipalSID":"ELAD.NET-S-1-5-32-544","PrincipalType":"Group","RightName":"WriteDacl","IsInherited":true},{"PrincipalSID":"ELAD.NET-S-1-5-32-544","PrincipalType":"Group","RightName":"WriteOwner","IsInherited":true},{"PrincipalSID":"ELAD.NET-S-1-5-32-544","PrincipalType":"Group","RightName":"GenericWrite","IsInherited":true}],"ObjectIdentifier":"S-1-5-21-786322660-383915852-3508207375-1703","IsDeleted":false,"IsACLProtected":false},{"Properties":{"domain":"ELAD.NET","name":"SENIOR MANAGEMENT@ELAD.NET","distinguishedname":"CN=SENIOR MANAGEMENT,CN=USERS,DC=ELAD,DC=NET","domainsid":"S-1-5-21-786322660-383915852-3508207375","highvalue":false,"samaccountname":"Senior management","description":null,"whencreated":1659206337,"admincount":false},"Members":[{"ObjectIdentifier":"S-1-5-21-786322660-383915852-3508207375-1691","ObjectType":"User"},{"ObjectIdentifier":"S-1-5-21-786322660-383915852-3508207375-1650","ObjectType":"User"},{"ObjectIdentifier":"S-1-5-21-786322660-383915852-3508207375-1646","ObjectType":"User"}],"Aces":[{"PrincipalSID":"S-1-5-21-786322660-383915852-3508207375-512","PrincipalType":"Group","RightName":"Owns","IsInherited":false},{"PrincipalSID":"ELAD.NET-S-1-5-32-548","PrincipalType":"Group","RightName":"GenericAll","IsInherited":false},{"PrincipalSID":"S-1-5-21-786322660-383915852-3508207375-512","PrincipalType":"Group","RightName":"GenericAll","IsInherited":false},{"PrincipalSID":"S-1-5-21-786322660-383915852-3508207375-1657","PrincipalType":"User","RightName":"WriteDacl","IsInherited":false},{"PrincipalSID":"S-1-5-21-786322660-383915852-3508207375-1708","PrincipalType":"Group","RightName":"GenericAll","IsInherited":false},{"PrincipalSID":"S-1-5-21-786322660-383915852-3508207375-1709","PrincipalType":"Group","RightName":"WriteDacl","IsInherited":false},{"PrincipalSID":"S-1-5-21-786322660-383915852-3508207375-1709","PrincipalType":"Group","RightName":"GenericWrite","IsInherited":false},{"PrincipalSID":"S-1-5-21-786322660-383915852-3508207375-519","PrincipalType":"Group","RightName":"GenericAll","IsInherited":true},{"PrincipalSID":"ELAD.NET-S-1-5-32-544","PrincipalType":"Group","RightName":"WriteDacl","IsInherited":true},{"PrincipalSID":"ELAD.NET-S-1-5-32-544","PrincipalType":"Group","RightName":"WriteOwner","IsInherited":true},{"PrincipalSID":"ELAD.NET-S-1-5-32-544","PrincipalType":"Group","RightName":"GenericWrite","IsInherited":true}],"ObjectIdentifier":"S-1-5-21-786322660-383915852-3508207375-1706","IsDeleted":false,"IsACLProtected":false},{"Properties":{"domain":"ELAD.NET","name":"PROJECT MANAGEMENT@ELAD.NET","distinguishedname":"CN=PROJECT MANAGEMENT,CN=USERS,DC=ELAD,DC=NET","domainsid":"S-1-5-21-786322660-383915852-3508207375","highvalue":false,"samaccountname":"Project management","description":null,"whencreated":1659206337,"admincount":false},"Members":[{"ObjectIdentifier":"S-1-5-21-786322660-383915852-3508207375-1696","ObjectType":"User"},{"ObjectIdentifier":"S-1-5-21-786322660-383915852-3508207375-1679","ObjectType":"User"},{"ObjectIdentifier":"S-1-5-21-786322660-383915852-3508207375-1651","ObjectType":"User"},{"ObjectIdentifier":"S-1-5-21-786322660-383915852-3508207375-1629","ObjectType":"User"}],"Aces":[{"PrincipalSID":"S-1-5-21-786322660-383915852-3508207375-512","PrincipalType":"Group","RightName":"Owns","IsInherited":false},{"PrincipalSID":"ELAD.NET-S-1-5-32-548","PrincipalType":"Group","RightName":"GenericAll","IsInherited":false},{"PrincipalSID":"S-1-5-21-786322660-383915852-3508207375-512","PrincipalType":"Group","RightName":"GenericAll","IsInherited":false},{"PrincipalSID":"S-1-5-21-786322660-383915852-3508207375-1710","PrincipalType":"Group","RightName":"WriteOwner","IsInherited":false},{"PrincipalSID":"S-1-5-21-786322660-383915852-3508207375-1710","PrincipalType":"Group","RightName":"GenericWrite","IsInherited":false},{"PrincipalSID":"S-1-5-21-786322660-383915852-3508207375-519","PrincipalType":"Group","RightName":"GenericAll","IsInherited":true},{"PrincipalSID":"ELAD.NET-S-1-5-32-544","PrincipalType":"Group","RightName":"WriteDacl","IsInherited":true},{"PrincipalSID":"ELAD.NET-S-1-5-32-544","PrincipalType":"Group","RightName":"WriteOwner","IsInherited":true},{"PrincipalSID":"ELAD.NET-S-1-5-32-544","PrincipalType":"Group","RightName":"GenericWrite","IsInherited":true}],"ObjectIdentifier":"S-1-5-21-786322660-383915852-3508207375-1707","IsDeleted":false,"IsACLProtected":false},{"Properties":{"domain":"ELAD.NET","name":"CERTIFICATE SERVICE DCOM ACCESS@ELAD.NET","distinguishedname":"CN=CERTIFICATE SERVICE DCOM ACCESS,CN=BUILTIN,DC=ELAD,DC=NET","domainsid":"S-1-5-21-786322660-383915852-3508207375","highvalue":false,"samaccountname":"Certificate Service DCOM Access","description":"Members of this group are allowed to connect to Certification Authorities in the enterprise","whencreated":1651330609,"admincount":false},"Members":[],"Aces":[{"PrincipalSID":"ELAD.NET-S-1-5-32-544","PrincipalType":"Group","RightName":"Owns","IsInherited":false},{"PrincipalSID":"ELAD.NET-S-1-5-32-548","PrincipalType":"Group","RightName":"GenericAll","IsInherited":false},{"PrincipalSID":"S-1-5-21-786322660-383915852-3508207375-512","PrincipalType":"Group","RightName":"GenericAll","IsInherited":false},{"PrincipalSID":"S-1-5-21-786322660-383915852-3508207375-519","PrincipalType":"Group","RightName":"GenericAll","IsInherited":true},{"PrincipalSID":"ELAD.NET-S-1-5-32-544","PrincipalType":"Group","RightName":"WriteDacl","IsInherited":true},{"PrincipalSID":"ELAD.NET-S-1-5-32-544","PrincipalType":"Group","RightName":"WriteOwner","IsInherited":true},{"PrincipalSID":"ELAD.NET-S-1-5-32-544","PrincipalType":"Group","RightName":"GenericWrite","IsInherited":true}],"ObjectIdentifier":"ELAD.NET-S-1-5-32-574","IsDeleted":false,"IsACLProtected":false},{"Properties":{"domain":"ELAD.NET","name":"EXECUTIVES@ELAD.NET","distinguishedname":"CN=EXECUTIVES,CN=USERS,DC=ELAD,DC=NET","domainsid":"S-1-5-21-786322660-383915852-3508207375","highvalue":false,"samaccountname":"Executives","description":null,"whencreated":1659206337,"admincount":false},"Members":[{"ObjectIdentifier":"S-1-5-21-786322660-383915852-3508207375-1648","ObjectType":"User"}],"Aces":[{"PrincipalSID":"S-1-5-21-786322660-383915852-3508207375-512","PrincipalType":"Group","RightName":"Owns","IsInherited":false},{"PrincipalSID":"ELAD.NET-S-1-5-32-548","PrincipalType":"Group","RightName":"GenericAll","IsInherited":false},{"PrincipalSID":"S-1-5-21-786322660-383915852-3508207375-512","PrincipalType":"Group","RightName":"GenericAll","IsInherited":false},{"PrincipalSID":"S-1-5-21-786322660-383915852-3508207375-1706","PrincipalType":"Group","RightName":"WriteDacl","IsInherited":false},{"PrincipalSID":"S-1-5-21-786322660-383915852-3508207375-1706","PrincipalType":"Group","RightName":"GenericWrite","IsInherited":false},{"PrincipalSID":"S-1-5-21-786322660-383915852-3508207375-519","PrincipalType":"Group","RightName":"GenericAll","IsInherited":true},{"PrincipalSID":"ELAD.NET-S-1-5-32-544","PrincipalType":"Group","RightName":"WriteDacl","IsInherited":true},{"PrincipalSID":"ELAD.NET-S-1-5-32-544","PrincipalType":"Group","RightName":"WriteOwner","IsInherited":true},{"PrincipalSID":"ELAD.NET-S-1-5-32-544","PrincipalType":"Group","RightName":"GenericWrite","IsInherited":true}],"ObjectIdentifier":"S-1-5-21-786322660-383915852-3508207375-1705","IsDeleted":false,"IsACLProtected":false},{"Properties":{"domain":"ELAD.NET","name":"ADMINISTRATORS@ELAD.NET","distinguishedname":"CN=ADMINISTRATORS,CN=BUILTIN,DC=ELAD,DC=NET","domainsid":"S-1-5-21-786322660-383915852-3508207375","highvalue":true,"samaccountname":"Administrators","description":"Administrators have complete and unrestricted access to the computer/domain","whencreated":1651330609,"admincount":true},"Members":[{"ObjectIdentifier":"S-1-5-21-786322660-383915852-3508207375-1103","ObjectType":"User"},{"ObjectIdentifier":"S-1-5-21-786322660-383915852-3508207375-512","ObjectType":"Group"},{"ObjectIdentifier":"S-1-5-21-786322660-383915852-3508207375-519","ObjectType":"Group"},{"ObjectIdentifier":"S-1-5-21-786322660-383915852-3508207375-500","ObjectType":"User"}],"Aces":[{"PrincipalSID":"S-1-5-21-786322660-383915852-3508207375-512","PrincipalType":"Group","RightName":"Owns","IsInherited":false},{"PrincipalSID":"ELAD.NET-S-1-5-32-544","PrincipalType":"Group","RightName":"WriteDacl","IsInherited":false},{"PrincipalSID":"ELAD.NET-S-1-5-32-544","PrincipalType":"Group","RightName":"WriteOwner","IsInherited":false},{"PrincipalSID":"ELAD.NET-S-1-5-32-544","PrincipalType":"Group","RightName":"GenericWrite","IsInherited":false},{"PrincipalSID":"S-1-5-21-786322660-383915852-3508207375-512","PrincipalType":"Group","RightName":"WriteDacl","IsInherited":false},{"PrincipalSID":"S-1-5-21-786322660-383915852-3508207375-512","PrincipalType":"Group","RightName":"WriteOwner","IsInherited":false},{"PrincipalSID":"S-1-5-21-786322660-383915852-3508207375-512","PrincipalType":"Group","RightName":"GenericWrite","IsInherited":false},{"PrincipalSID":"S-1-5-21-786322660-383915852-3508207375-519","PrincipalType":"Group","RightName":"WriteDacl","IsInherited":false},{"PrincipalSID":"S-1-5-21-786322660-383915852-3508207375-519","PrincipalType":"Group","RightName":"WriteOwner","IsInherited":false},{"PrincipalSID":"S-1-5-21-786322660-383915852-3508207375-519","PrincipalType":"Group","RightName":"GenericWrite","IsInherited":false}],"ObjectIdentifier":"ELAD.NET-S-1-5-32-544","IsDeleted":false,"IsACLProtected":true},{"Properties":{"domain":"ELAD.NET","name":"REMOTE MANAGEMENT USERS@ELAD.NET","distinguishedname":"CN=REMOTE MANAGEMENT USERS,CN=BUILTIN,DC=ELAD,DC=NET","domainsid":"S-1-5-21-786322660-383915852-3508207375","highvalue":false,"samaccountname":"Remote Management Users","description":"Members of this group can access WMI resources over management protocols (such as WS-Management via the Windows Remote Management service). This applies only to WMI namespaces that grant access to the user.","whencreated":1651330609,"admincount":false},"Members":[],"Aces":[{"PrincipalSID":"ELAD.NET-S-1-5-32-544","PrincipalType":"Group","RightName":"Owns","IsInherited":false},{"PrincipalSID":"ELAD.NET-S-1-5-32-548","PrincipalType":"Group","RightName":"GenericAll","IsInherited":false},{"PrincipalSID":"S-1-5-21-786322660-383915852-3508207375-512","PrincipalType":"Group","RightName":"GenericAll","IsInherited":false},{"PrincipalSID":"S-1-5-21-786322660-383915852-3508207375-519","PrincipalType":"Group","RightName":"GenericAll","IsInherited":true},{"PrincipalSID":"ELAD.NET-S-1-5-32-544","PrincipalType":"Group","RightName":"WriteDacl","IsInherited":true},{"PrincipalSID":"ELAD.NET-S-1-5-32-544","PrincipalType":"Group","RightName":"WriteOwner","IsInherited":true},{"PrincipalSID":"ELAD.NET-S-1-5-32-544","PrincipalType":"Group","RightName":"GenericWrite","IsInherited":true}],"ObjectIdentifier":"ELAD.NET-S-1-5-32-580","IsDeleted":false,"IsACLProtected":false},{"Properties":{"domain":"ELAD.NET","name":"DENIED RODC PASSWORD REPLICATION GROUP@ELAD.NET","distinguishedname":"CN=DENIED RODC PASSWORD REPLICATION GROUP,CN=USERS,DC=ELAD,DC=NET","domainsid":"S-1-5-21-786322660-383915852-3508207375","highvalue":false,"samaccountname":"Denied RODC Password Replication Group","description":"Members in this group cannot have their passwords replicated to any read-only domain controllers in the domain","whencreated":1651330784,"admincount":false},"Members":[{"ObjectIdentifier":"S-1-5-21-786322660-383915852-3508207375-521","ObjectType":"Group"},{"ObjectIdentifier":"S-1-5-21-786322660-383915852-3508207375-520","ObjectType":"Group"},{"ObjectIdentifier":"S-1-5-21-786322660-383915852-3508207375-512","ObjectType":"Group"},{"ObjectIdentifier":"S-1-5-21-786322660-383915852-3508207375-517","ObjectType":"Group"},{"ObjectIdentifier":"S-1-5-21-786322660-383915852-3508207375-519","ObjectType":"Group"},{"ObjectIdentifier":"S-1-5-21-786322660-383915852-3508207375-518","ObjectType":"Group"},{"ObjectIdentifier":"S-1-5-21-786322660-383915852-3508207375-516","ObjectType":"Group"},{"ObjectIdentifier":"S-1-5-21-786322660-383915852-3508207375-502","ObjectType":"User"}],"Aces":[{"PrincipalSID":"S-1-5-21-786322660-383915852-3508207375-512","PrincipalType":"Group","RightName":"Owns","IsInherited":false},{"PrincipalSID":"ELAD.NET-S-1-5-32-548","PrincipalType":"Group","RightName":"GenericAll","IsInherited":false},{"PrincipalSID":"S-1-5-21-786322660-383915852-3508207375-512","PrincipalType":"Group","RightName":"GenericAll","IsInherited":false},{"PrincipalSID":"S-1-5-21-786322660-383915852-3508207375-519","PrincipalType":"Group","RightName":"GenericAll","IsInherited":true},{"PrincipalSID":"ELAD.NET-S-1-5-32-544","PrincipalType":"Group","RightName":"WriteDacl","IsInherited":true},{"PrincipalSID":"ELAD.NET-S-1-5-32-544","PrincipalType":"Group","RightName":"WriteOwner","IsInherited":true},{"PrincipalSID":"ELAD.NET-S-1-5-32-544","PrincipalType":"Group","RightName":"GenericWrite","IsInherited":true}],"ObjectIdentifier":"S-1-5-21-786322660-383915852-3508207375-572","IsDeleted":false,"IsACLProtected":false},{"Properties":{"domain":"ELAD.NET","name":"WINDOWS AUTHORIZATION ACCESS GROUP@ELAD.NET","distinguishedname":"CN=WINDOWS AUTHORIZATION ACCESS GROUP,CN=BUILTIN,DC=ELAD,DC=NET","domainsid":"S-1-5-21-786322660-383915852-3508207375","highvalue":false,"samaccountname":"Windows Authorization Access Group","description":"Members of this group have access to the computed tokenGroupsGlobalAndUniversal attribute on User objects","whencreated":1651330784,"admincount":false},"Members":[{"ObjectIdentifier":"ELAD.NET-S-1-5-9","ObjectType":"Group"}],"Aces":[{"PrincipalSID":"S-1-5-21-786322660-383915852-3508207375-512","PrincipalType":"Group","RightName":"Owns","IsInherited":false},{"PrincipalSID":"ELAD.NET-S-1-5-32-548","PrincipalType":"Group","RightName":"GenericAll","IsInherited":false},{"PrincipalSID":"S-1-5-21-786322660-383915852-3508207375-512","PrincipalType":"Group","RightName":"GenericAll","IsInherited":false},{"PrincipalSID":"S-1-5-21-786322660-383915852-3508207375-519","PrincipalType":"Group","RightName":"GenericAll","IsInherited":true},{"PrincipalSID":"ELAD.NET-S-1-5-32-544","PrincipalType":"Group","RightName":"WriteDacl","IsInherited":true},{"PrincipalSID":"ELAD.NET-S-1-5-32-544","PrincipalType":"Group","RightName":"WriteOwner","IsInherited":true},{"PrincipalSID":"ELAD.NET-S-1-5-32-544","PrincipalType":"Group","RightName":"GenericWrite","IsInherited":true}],"ObjectIdentifier":"ELAD.NET-S-1-5-32-560","IsDeleted":false,"IsACLProtected":false},{"Properties":{"domain":"ELAD.NET","name":"TERMINAL SERVER LICENSE SERVERS@ELAD.NET","distinguishedname":"CN=TERMINAL SERVER LICENSE SERVERS,CN=BUILTIN,DC=ELAD,DC=NET","domainsid":"S-1-5-21-786322660-383915852-3508207375","highvalue":false,"samaccountname":"Terminal Server License Servers","description":"Members of this group can update user accounts in Active Directory with information about license issuance, for the purpose of tracking and reporting TS Per User CAL usage","whencreated":1651330784,"admincount":false},"Members":[],"Aces":[{"PrincipalSID":"S-1-5-21-786322660-383915852-3508207375-512","PrincipalType":"Group","RightName":"Owns","IsInherited":false},{"PrincipalSID":"ELAD.NET-S-1-5-32-548","PrincipalType":"Group","RightName":"GenericAll","IsInherited":false},{"PrincipalSID":"S-1-5-21-786322660-383915852-3508207375-512","PrincipalType":"Group","RightName":"GenericAll","IsInherited":false},{"PrincipalSID":"S-1-5-21-786322660-383915852-3508207375-519","PrincipalType":"Group","RightName":"GenericAll","IsInherited":true},{"PrincipalSID":"ELAD.NET-S-1-5-32-544","PrincipalType":"Group","RightName":"WriteDacl","IsInherited":true},{"PrincipalSID":"ELAD.NET-S-1-5-32-544","PrincipalType":"Group","RightName":"WriteOwner","IsInherited":true},{"PrincipalSID":"ELAD.NET-S-1-5-32-544","PrincipalType":"Group","RightName":"GenericWrite","IsInherited":true}],"ObjectIdentifier":"ELAD.NET-S-1-5-32-561","IsDeleted":false,"IsACLProtected":false},{"Properties":{"domain":"ELAD.NET","name":"RDS ENDPOINT SERVERS@ELAD.NET","distinguishedname":"CN=RDS ENDPOINT SERVERS,CN=BUILTIN,DC=ELAD,DC=NET","domainsid":"S-1-5-21-786322660-383915852-3508207375","highvalue":false,"samaccountname":"RDS Endpoint Servers","description":"Servers in this group run virtual machines and host sessions where users RemoteApp programs and personal virtual desktops run. This group needs to be populated on servers running RD Connection Broker. RD Session Host servers and RD Virtualization Host servers used in the deployment need to be in this group.","whencreated":1651330609,"admincount":false},"Members":[],"Aces":[{"PrincipalSID":"ELAD.NET-S-1-5-32-544","PrincipalType":"Group","RightName":"Owns","IsInherited":false},{"PrincipalSID":"ELAD.NET-S-1-5-32-548","PrincipalType":"Group","RightName":"GenericAll","IsInherited":false},{"PrincipalSID":"S-1-5-21-786322660-383915852-3508207375-512","PrincipalType":"Group","RightName":"GenericAll","IsInherited":false},{"PrincipalSID":"S-1-5-21-786322660-383915852-3508207375-519","PrincipalType":"Group","RightName":"GenericAll","IsInherited":true},{"PrincipalSID":"ELAD.NET-S-1-5-32-544","PrincipalType":"Group","RightName":"WriteDacl","IsInherited":true},{"PrincipalSID":"ELAD.NET-S-1-5-32-544","PrincipalType":"Group","RightName":"WriteOwner","IsInherited":true},{"PrincipalSID":"ELAD.NET-S-1-5-32-544","PrincipalType":"Group","RightName":"GenericWrite","IsInherited":true}],"ObjectIdentifier":"ELAD.NET-S-1-5-32-576","IsDeleted":false,"IsACLProtected":false},{"Properties":{"domain":"ELAD.NET","name":"HYPER-V ADMINISTRATORS@ELAD.NET","distinguishedname":"CN=HYPER-V ADMINISTRATORS,CN=BUILTIN,DC=ELAD,DC=NET","domainsid":"S-1-5-21-786322660-383915852-3508207375","highvalue":false,"samaccountname":"Hyper-V Administrators","description":"Members of this group have complete and unrestricted access to all features of Hyper-V.","whencreated":1651330609,"admincount":false},"Members":[],"Aces":[{"PrincipalSID":"ELAD.NET-S-1-5-32-544","PrincipalType":"Group","RightName":"Owns","IsInherited":false},{"PrincipalSID":"ELAD.NET-S-1-5-32-548","PrincipalType":"Group","RightName":"GenericAll","IsInherited":false},{"PrincipalSID":"S-1-5-21-786322660-383915852-3508207375-512","PrincipalType":"Group","RightName":"GenericAll","IsInherited":false},{"PrincipalSID":"S-1-5-21-786322660-383915852-3508207375-519","PrincipalType":"Group","RightName":"GenericAll","IsInherited":true},{"PrincipalSID":"ELAD.NET-S-1-5-32-544","PrincipalType":"Group","RightName":"WriteDacl","IsInherited":true},{"PrincipalSID":"ELAD.NET-S-1-5-32-544","PrincipalType":"Group","RightName":"WriteOwner","IsInherited":true},{"PrincipalSID":"ELAD.NET-S-1-5-32-544","PrincipalType":"Group","RightName":"GenericWrite","IsInherited":true}],"ObjectIdentifier":"ELAD.NET-S-1-5-32-578","IsDeleted":false,"IsACLProtected":false},{"Properties":{"domain":"ELAD.NET","name":"SQL ADMIN@ELAD.NET","distinguishedname":"CN=SQL ADMIN,OU=MY GROUPS,DC=ELAD,DC=NET","domainsid":"S-1-5-21-786322660-383915852-3508207375","highvalue":false,"samaccountname":"SQL Admin","description":null,"whencreated":1656679025,"admincount":false},"Members":[],"Aces":[{"PrincipalSID":"S-1-5-21-786322660-383915852-3508207375-512","PrincipalType":"Group","RightName":"Owns","IsInherited":false},{"PrincipalSID":"ELAD.NET-S-1-5-32-548","PrincipalType":"Group","RightName":"GenericAll","IsInherited":false},{"PrincipalSID":"S-1-5-21-786322660-383915852-3508207375-512","PrincipalType":"Group","RightName":"GenericAll","IsInherited":false},{"PrincipalSID":"S-1-5-21-786322660-383915852-3508207375-519","PrincipalType":"Group","RightName":"GenericAll","IsInherited":true},{"PrincipalSID":"ELAD.NET-S-1-5-32-544","PrincipalType":"Group","RightName":"WriteDacl","IsInherited":true},{"PrincipalSID":"ELAD.NET-S-1-5-32-544","PrincipalType":"Group","RightName":"WriteOwner","IsInherited":true},{"PrincipalSID":"ELAD.NET-S-1-5-32-544","PrincipalType":"Group","RightName":"GenericWrite","IsInherited":true}],"ObjectIdentifier":"S-1-5-21-786322660-383915852-3508207375-1108","IsDeleted":false,"IsACLProtected":false},{"Properties":{"domain":"ELAD.NET","name":"DISTRIBUTED COM USERS@ELAD.NET","distinguishedname":"CN=DISTRIBUTED COM USERS,CN=BUILTIN,DC=ELAD,DC=NET","domainsid":"S-1-5-21-786322660-383915852-3508207375","highvalue":false,"samaccountname":"Distributed COM Users","description":"Members are allowed to launch, activate and use Distributed COM objects on this machine.","whencreated":1651330609,"admincount":false},"Members":[],"Aces":[{"PrincipalSID":"ELAD.NET-S-1-5-32-544","PrincipalType":"Group","RightName":"Owns","IsInherited":false},{"PrincipalSID":"ELAD.NET-S-1-5-32-548","PrincipalType":"Group","RightName":"GenericAll","IsInherited":false},{"PrincipalSID":"S-1-5-21-786322660-383915852-3508207375-512","PrincipalType":"Group","RightName":"GenericAll","IsInherited":false},{"PrincipalSID":"S-1-5-21-786322660-383915852-3508207375-519","PrincipalType":"Group","RightName":"GenericAll","IsInherited":true},{"PrincipalSID":"ELAD.NET-S-1-5-32-544","PrincipalType":"Group","RightName":"WriteDacl","IsInherited":true},{"PrincipalSID":"ELAD.NET-S-1-5-32-544","PrincipalType":"Group","RightName":"WriteOwner","IsInherited":true},{"PrincipalSID":"ELAD.NET-S-1-5-32-544","PrincipalType":"Group","RightName":"GenericWrite","IsInherited":true}],"ObjectIdentifier":"ELAD.NET-S-1-5-32-562","IsDeleted":false,"IsACLProtected":false},{"Properties":{"domain":"ELAD.NET","name":"IT ADMINS@ELAD.NET","distinguishedname":"CN=IT ADMINS,CN=USERS,DC=ELAD,DC=NET","domainsid":"S-1-5-21-786322660-383915852-3508207375","highvalue":false,"samaccountname":"IT Admins","description":null,"whencreated":1659206336,"admincount":false},"Members":[{"ObjectIdentifier":"S-1-5-21-786322660-383915852-3508207375-1662","ObjectType":"User"},{"ObjectIdentifier":"S-1-5-21-786322660-383915852-3508207375-1611","ObjectType":"User"}],"Aces":[{"PrincipalSID":"S-1-5-21-786322660-383915852-3508207375-512","PrincipalType":"Group","RightName":"Owns","IsInherited":false},{"PrincipalSID":"ELAD.NET-S-1-5-32-548","PrincipalType":"Group","RightName":"GenericAll","IsInherited":false},{"PrincipalSID":"S-1-5-21-786322660-383915852-3508207375-512","PrincipalType":"Group","RightName":"GenericAll","IsInherited":false},{"PrincipalSID":"S-1-5-21-786322660-383915852-3508207375-1706","PrincipalType":"Group","RightName":"WriteOwner","IsInherited":false},{"PrincipalSID":"S-1-5-21-786322660-383915852-3508207375-519","PrincipalType":"Group","RightName":"GenericAll","IsInherited":true},{"PrincipalSID":"ELAD.NET-S-1-5-32-544","PrincipalType":"Group","RightName":"WriteDacl","IsInherited":true},{"PrincipalSID":"ELAD.NET-S-1-5-32-544","PrincipalType":"Group","RightName":"WriteOwner","IsInherited":true},{"PrincipalSID":"ELAD.NET-S-1-5-32-544","PrincipalType":"Group","RightName":"GenericWrite","IsInherited":true}],"ObjectIdentifier":"S-1-5-21-786322660-383915852-3508207375-1704","IsDeleted":false,"IsACLProtected":false},{"Properties":{"name":"ADMINISTRATORS@ELAD.NET","domainsid":"S-1-5-21-786322660-383915852-3508207375","domain":"ELAD.NET"},"Members":[],"Aces":[],"ObjectIdentifier":"ELAD.NET-S-1-5-32-544","IsDeleted":false,"IsACLProtected":false},{"Properties":{"name":"INTERACTIVE@ELAD.NET","domainsid":"S-1-5-21-786322660-383915852-3508207375","domain":"ELAD.NET"},"Members":[],"Aces":[],"ObjectIdentifier":"ELAD.NET-S-1-5-4","IsDeleted":false,"IsACLProtected":false},{"Properties":{"name":"AUTHENTICATED USERS@ELAD.NET","domainsid":"S-1-5-21-786322660-383915852-3508207375","domain":"ELAD.NET"},"Members":[],"Aces":[],"ObjectIdentifier":"ELAD.NET-S-1-5-11","IsDeleted":false,"IsACLProtected":false},{"Properties":{"name":"THIS ORGANIZATION @ELAD.NET","domainsid":"S-1-5-21-786322660-383915852-3508207375","domain":"ELAD.NET"},"Members":[],"Aces":[],"ObjectIdentifier":"ELAD.NET-S-1-5-17","IsDeleted":false,"IsACLProtected":false},{"Properties":{"name":"EVERYONE@ELAD.NET","domainsid":"S-1-5-21-786322660-383915852-3508207375","domain":"ELAD.NET"},"Members":[],"Aces":[],"ObjectIdentifier":"ELAD.NET-S-1-1-0","IsDeleted":false,"IsACLProtected":false},{"Properties":{"name":"TERMINAL SERVER LICENSE SERVERS@ELAD.NET","domainsid":"S-1-5-21-786322660-383915852-3508207375","domain":"ELAD.NET"},"Members":[],"Aces":[],"ObjectIdentifier":"ELAD.NET-S-1-5-32-561","IsDeleted":false,"IsACLProtected":false},{"Properties":{"name":"WINDOWS AUTHORIZATION ACCESS GROUP@ELAD.NET","domainsid":"S-1-5-21-786322660-383915852-3508207375","domain":"ELAD.NET"},"Members":[],"Aces":[],"ObjectIdentifier":"ELAD.NET-S-1-5-32-560","IsDeleted":false,"IsACLProtected":false},{"Properties":{"name":"PRE-WINDOWS 2000 COMPATIBLE ACCESS@ELAD.NET","domainsid":"S-1-5-21-786322660-383915852-3508207375","domain":"ELAD.NET"},"Members":[],"Aces":[],"ObjectIdentifier":"ELAD.NET-S-1-5-32-554","IsDeleted":false,"IsACLProtected":false},{"Properties":{"name":"INCOMING FOREST TRUST BUILDERS@ELAD.NET","domainsid":"S-1-5-21-786322660-383915852-3508207375","domain":"ELAD.NET"},"Members":[],"Aces":[],"ObjectIdentifier":"ELAD.NET-S-1-5-32-557","IsDeleted":false,"IsACLProtected":false},{"Properties":{"name":"ENTERPRISE DOMAIN CONTROLLERS@ELAD.NET","domainsid":"S-1-5-21-786322660-383915852-3508207375","domain":"ELAD.NET"},"Members":[],"Aces":[],"ObjectIdentifier":"ELAD.NET-S-1-5-9","IsDeleted":false,"IsACLProtected":false},{"Properties":{"name":"PRINT OPERATORS@ELAD.NET","domainsid":"S-1-5-21-786322660-383915852-3508207375","domain":"ELAD.NET"},"Members":[],"Aces":[],"ObjectIdentifier":"ELAD.NET-S-1-5-32-550","IsDeleted":false,"IsACLProtected":false},{"Properties":{"name":"ACCOUNT OPERATORS@ELAD.NET","domainsid":"S-1-5-21-786322660-383915852-3508207375","domain":"ELAD.NET"},"Members":[],"Aces":[],"ObjectIdentifier":"ELAD.NET-S-1-5-32-548","IsDeleted":false,"IsACLProtected":false},{"Properties":{"name":"ENTERPRISE DOMAIN CONTROLLERS@ELAD.NET","domainsid":"S-1-5-21-786322660-383915852-3508207375","domain":"elad.net"},"Members":[{"ObjectIdentifier":"S-1-5-21-786322660-383915852-3508207375-1000","ObjectType":"Computer"}],"Aces":[],"ObjectIdentifier":"ELAD.NET-S-1-5-9","IsDeleted":false,"IsACLProtected":false}],"meta":{"methods":29675,"type":"groups","count":71,"version":5}}