﻿{"data":[{"GPOChanges":{"LocalAdmins":[],"RemoteDesktopUsers":[],"DcomUsers":[],"PSRemoteUsers":[],"AffectedComputers":[]},"Properties":{"domain":"ELAD.NET","name":"DOMAIN CONTROLLERS@ELAD.NET","distinguishedname":"OU=DOMAIN CONTROLLERS,DC=ELAD,DC=NET","domainsid":"S-1-5-21-786322660-383915852-3508207375","highvalue":false,"description":"Default container for domain controllers","whencreated":1651330608,"blocksinheritance":false},"Links":[{"IsEnforced":false,"GUID":"A447E2E4-9A39-4733-85EF-58EA0B78CA94"}],"ChildObjects":[{"ObjectIdentifier":"S-1-5-21-786322660-383915852-3508207375-1000","ObjectType":"Computer"}],"Aces":[{"PrincipalSID":"S-1-5-21-786322660-383915852-3508207375-512","PrincipalType":"Group","RightName":"Owns","IsInherited":false},{"PrincipalSID":"S-1-5-21-786322660-383915852-3508207375-512","PrincipalType":"Group","RightName":"WriteDacl","IsInherited":false},{"PrincipalSID":"S-1-5-21-786322660-383915852-3508207375-512","PrincipalType":"Group","RightName":"WriteOwner","IsInherited":false},{"PrincipalSID":"S-1-5-21-786322660-383915852-3508207375-519","PrincipalType":"Group","RightName":"GenericAll","IsInherited":true},{"PrincipalSID":"ELAD.NET-S-1-5-32-544","PrincipalType":"Group","RightName":"WriteDacl","IsInherited":true},{"PrincipalSID":"ELAD.NET-S-1-5-32-544","PrincipalType":"Group","RightName":"WriteOwner","IsInherited":true}],"ObjectIdentifier":"D1FD2776-E859-463C-8A23-1F964386D3F4","IsDeleted":false,"IsACLProtected":false},{"GPOChanges":{"LocalAdmins":[],"RemoteDesktopUsers":[],"DcomUsers":[],"PSRemoteUsers":[],"AffectedComputers":[]},"Properties":{"domain":"ELAD.NET","name":"MY GROUPS@ELAD.NET","distinguishedname":"OU=MY GROUPS,DC=ELAD,DC=NET","domainsid":"S-1-5-21-786322660-383915852-3508207375","highvalue":false,"description":null,"whencreated":1651331079,"blocksinheritance":false},"Links":[],"ChildObjects":[{"ObjectIdentifier":"S-1-5-21-786322660-383915852-3508207375-1108","ObjectType":"Group"}],"Aces":[{"PrincipalSID":"S-1-5-21-786322660-383915852-3508207375-512","PrincipalType":"Group","RightName":"Owns","IsInherited":false},{"PrincipalSID":"S-1-5-21-786322660-383915852-3508207375-512","PrincipalType":"Group","RightName":"GenericAll","IsInherited":false},{"PrincipalSID":"S-1-5-21-786322660-383915852-3508207375-519","PrincipalType":"Group","RightName":"GenericAll","IsInherited":true},{"PrincipalSID":"ELAD.NET-S-1-5-32-544","PrincipalType":"Group","RightName":"WriteDacl","IsInherited":true},{"PrincipalSID":"ELAD.NET-S-1-5-32-544","PrincipalType":"Group","RightName":"WriteOwner","IsInherited":true}],"ObjectIdentifier":"82FF9CEC-3403-4C28-A20F-124D524AA32A","IsDeleted":false,"IsACLProtected":false},{"GPOChanges":{"LocalAdmins":[],"RemoteDesktopUsers":[],"DcomUsers":[],"PSRemoteUsers":[],"AffectedComputers":[]},"Properties":{"domain":"ELAD.NET","name":"WINDOWS@ELAD.NET","distinguishedname":"OU=WINDOWS,OU=MY SERVERS,DC=ELAD,DC=NET","domainsid":"S-1-5-21-786322660-383915852-3508207375","highvalue":false,"description":null,"whencreated":1657987366,"blocksinheritance":false},"Links":[],"ChildObjects":[{"ObjectIdentifier":"S-1-5-21-786322660-383915852-3508207375-1107","ObjectType":"Computer"},{"ObjectIdentifier":"S-1-5-21-786322660-383915852-3508207375-1110","ObjectType":"Computer"}],"Aces":[{"PrincipalSID":"S-1-5-21-786322660-383915852-3508207375-512","PrincipalType":"Group","RightName":"Owns","IsInherited":false},{"PrincipalSID":"S-1-5-21-786322660-383915852-3508207375-512","PrincipalType":"Group","RightName":"GenericAll","IsInherited":false},{"PrincipalSID":"S-1-5-21-786322660-383915852-3508207375-519","PrincipalType":"Group","RightName":"GenericAll","IsInherited":true},{"PrincipalSID":"ELAD.NET-S-1-5-32-544","PrincipalType":"Group","RightName":"WriteDacl","IsInherited":true},{"PrincipalSID":"ELAD.NET-S-1-5-32-544","PrincipalType":"Group","RightName":"WriteOwner","IsInherited":true}],"ObjectIdentifier":"3E619B23-5222-4F67-8E5C-B926787575FC","IsDeleted":false,"IsACLProtected":false},{"GPOChanges":{"LocalAdmins":[],"RemoteDesktopUsers":[],"DcomUsers":[],"PSRemoteUsers":[],"AffectedComputers":[]},"Properties":{"domain":"ELAD.NET","name":"MY SERVERS@ELAD.NET","distinguishedname":"OU=MY SERVERS,DC=ELAD,DC=NET","domainsid":"S-1-5-21-786322660-383915852-3508207375","highvalue":false,"description":null,"whencreated":1657987337,"blocksinheritance":false},"Links":[],"ChildObjects":[{"ObjectIdentifier":"B3E05BA5-E9BD-42CB-8975-2BAD0E39BF48","ObjectType":"OU"},{"ObjectIdentifier":"3E619B23-5222-4F67-8E5C-B926787575FC","ObjectType":"OU"}],"Aces":[{"PrincipalSID":"S-1-5-21-786322660-383915852-3508207375-512","PrincipalType":"Group","RightName":"Owns","IsInherited":false},{"PrincipalSID":"S-1-5-21-786322660-383915852-3508207375-512","PrincipalType":"Group","RightName":"GenericAll","IsInherited":false},{"PrincipalSID":"S-1-5-21-786322660-383915852-3508207375-519","PrincipalType":"Group","RightName":"GenericAll","IsInherited":true},{"PrincipalSID":"ELAD.NET-S-1-5-32-544","PrincipalType":"Group","RightName":"WriteDacl","IsInherited":true},{"PrincipalSID":"ELAD.NET-S-1-5-32-544","PrincipalType":"Group","RightName":"WriteOwner","IsInherited":true}],"ObjectIdentifier":"77DB5FE0-FA4D-4875-BD06-3313753AE93F","IsDeleted":false,"IsACLProtected":false},{"GPOChanges":{"LocalAdmins":[],"RemoteDesktopUsers":[],"DcomUsers":[],"PSRemoteUsers":[],"AffectedComputers":[]},"Properties":{"domain":"ELAD.NET","name":"LINUX@ELAD.NET","distinguishedname":"OU=LINUX,OU=MY SERVERS,DC=ELAD,DC=NET","domainsid":"S-1-5-21-786322660-383915852-3508207375","highvalue":false,"description":null,"whencreated":1657987355,"blocksinheritance":false},"Links":[],"ChildObjects":[{"ObjectIdentifier":"S-1-5-21-786322660-383915852-3508207375-1114","ObjectType":"Computer"},{"ObjectIdentifier":"S-1-5-21-786322660-383915852-3508207375-1113","ObjectType":"Computer"},{"ObjectIdentifier":"S-1-5-21-786322660-383915852-3508207375-1601","ObjectType":"Computer"}],"Aces":[{"PrincipalSID":"S-1-5-21-786322660-383915852-3508207375-512","PrincipalType":"Group","RightName":"Owns","IsInherited":false},{"PrincipalSID":"S-1-5-21-786322660-383915852-3508207375-512","PrincipalType":"Group","RightName":"GenericAll","IsInherited":false},{"PrincipalSID":"S-1-5-21-786322660-383915852-3508207375-519","PrincipalType":"Group","RightName":"GenericAll","IsInherited":true},{"PrincipalSID":"ELAD.NET-S-1-5-32-544","PrincipalType":"Group","RightName":"WriteDacl","IsInherited":true},{"PrincipalSID":"ELAD.NET-S-1-5-32-544","PrincipalType":"Group","RightName":"WriteOwner","IsInherited":true}],"ObjectIdentifier":"B3E05BA5-E9BD-42CB-8975-2BAD0E39BF48","IsDeleted":false,"IsACLProtected":false},{"GPOChanges":{"LocalAdmins":[],"RemoteDesktopUsers":[],"DcomUsers":[],"PSRemoteUsers":[],"AffectedComputers":[]},"Properties":{"domain":"ELAD.NET","name":"MY USERS@ELAD.NET","distinguishedname":"OU=MY USERS,DC=ELAD,DC=NET","domainsid":"S-1-5-21-786322660-383915852-3508207375","highvalue":false,"description":null,"whencreated":1651331069,"blocksinheritance":false},"Links":[],"ChildObjects":[{"ObjectIdentifier":"S-1-5-21-786322660-383915852-3508207375-1104","ObjectType":"User"},{"ObjectIdentifier":"S-1-5-21-786322660-383915852-3508207375-1109","ObjectType":"User"},{"ObjectIdentifier":"S-1-5-21-786322660-383915852-3508207375-1117","ObjectType":"User"},{"ObjectIdentifier":"S-1-5-21-786322660-383915852-3508207375-1116","ObjectType":"User"},{"ObjectIdentifier":"S-1-5-21-786322660-383915852-3508207375-1103","ObjectType":"User"}],"Aces":[{"PrincipalSID":"S-1-5-21-786322660-383915852-3508207375-512","PrincipalType":"Group","RightName":"Owns","IsInherited":false},{"PrincipalSID":"S-1-5-21-786322660-383915852-3508207375-512","PrincipalType":"Group","RightName":"GenericAll","IsInherited":false},{"PrincipalSID":"S-1-5-21-786322660-383915852-3508207375-519","PrincipalType":"Group","RightName":"GenericAll","IsInherited":true},{"PrincipalSID":"ELAD.NET-S-1-5-32-544","PrincipalType":"Group","RightName":"WriteDacl","IsInherited":true},{"PrincipalSID":"ELAD.NET-S-1-5-32-544","PrincipalType":"Group","RightName":"WriteOwner","IsInherited":true}],"ObjectIdentifier":"2149E7D5-2835-44F5-AF1A-3319E44E1783","IsDeleted":false,"IsACLProtected":false}],"meta":{"methods":29675,"type":"ous","count":6,"version":5}}