﻿{"data":[{"Properties":{"domain":"ELAD.NET","name":"UBUNTU-MCAFEE.ELAD.NET","distinguishedname":"CN=UBUNTU-MCAFEE,OU=LINUX,OU=MY SERVERS,DC=ELAD,DC=NET","domainsid":"S-1-5-21-786322660-383915852-3508207375","highvalue":false,"samaccountname":"UBUNTU-MCAFEE$","haslaps":false,"description":null,"whencreated":1657974302,"enabled":true,"unconstraineddelegation":false,"trustedtoauth":false,"lastlogon":1657964669,"lastlogontimestamp":1657963503,"pwdlastset":1657963503,"serviceprincipalnames":["RestrictedKrbHost/ubuntu-mcafee.elad.net","RestrictedKrbHost/UBUNTU-MCAFEE","host/ubuntu-mcafee.elad.net","host/UBUNTU-MCAFEE"],"operatingsystem":"pc-linux-gnu","sidhistory":[]},"PrimaryGroupSID":"S-1-5-21-786322660-383915852-3508207375-515","AllowedToDelegate":[],"AllowedToAct":[],"HasSIDHistory":[],"Sessions":{"Results":[],"Collected":false,"FailureReason":null},"PrivilegedSessions":{"Results":[],"Collected":false,"FailureReason":null},"RegistrySessions":{"Results":[],"Collected":false,"FailureReason":null},"LocalAdmins":{"Results":[],"Collected":false,"FailureReason":null},"RemoteDesktopUsers":{"Results":[],"Collected":false,"FailureReason":null},"DcomUsers":{"Results":[],"Collected":false,"FailureReason":null},"PSRemoteUsers":{"Results":[],"Collected":false,"FailureReason":null},"Status":null,"Aces":[{"PrincipalSID":"S-1-5-21-786322660-383915852-3508207375-512","PrincipalType":"Group","RightName":"Owns","IsInherited":false},{"PrincipalSID":"ELAD.NET-S-1-5-32-548","PrincipalType":"Group","RightName":"GenericAll","IsInherited":false},{"PrincipalSID":"S-1-5-21-786322660-383915852-3508207375-512","PrincipalType":"Group","RightName":"GenericAll","IsInherited":false},{"PrincipalSID":"S-1-5-21-786322660-383915852-3508207375-526","PrincipalType":"Group","RightName":"AddKeyCredentialLink","IsInherited":true},{"PrincipalSID":"S-1-5-21-786322660-383915852-3508207375-527","PrincipalType":"Group","RightName":"AddKeyCredentialLink","IsInherited":true},{"PrincipalSID":"S-1-5-21-786322660-383915852-3508207375-519","PrincipalType":"Group","RightName":"GenericAll","IsInherited":true},{"PrincipalSID":"ELAD.NET-S-1-5-32-544","PrincipalType":"Group","RightName":"WriteDacl","IsInherited":true},{"PrincipalSID":"ELAD.NET-S-1-5-32-544","PrincipalType":"Group","RightName":"WriteOwner","IsInherited":true},{"PrincipalSID":"ELAD.NET-S-1-5-32-544","PrincipalType":"Group","RightName":"GenericWrite","IsInherited":true}],"ObjectIdentifier":"S-1-5-21-786322660-383915852-3508207375-1113","IsDeleted":false,"IsACLProtected":false},{"Properties":{"domain":"ELAD.NET","name":"UBUNTU-DOCKER.ELAD.NET","distinguishedname":"CN=UBUNTU-DOCKER,OU=LINUX,OU=MY SERVERS,DC=ELAD,DC=NET","domainsid":"S-1-5-21-786322660-383915852-3508207375","highvalue":false,"samaccountname":"UBUNTU-DOCKER$","haslaps":false,"description":null,"whencreated":1657986155,"enabled":true,"unconstraineddelegation":false,"trustedtoauth":false,"lastlogon":1657977160,"lastlogontimestamp":1657975356,"pwdlastset":1657975356,"serviceprincipalnames":["RestrictedKrbHost/ubuntu-docker.elad.net","RestrictedKrbHost/UBUNTU-DOCKER","host/ubuntu-docker.elad.net","host/UBUNTU-DOCKER"],"operatingsystem":"pc-linux-gnu","sidhistory":[]},"PrimaryGroupSID":"S-1-5-21-786322660-383915852-3508207375-515","AllowedToDelegate":[],"AllowedToAct":[],"HasSIDHistory":[],"Sessions":{"Results":[],"Collected":false,"FailureReason":null},"PrivilegedSessions":{"Results":[],"Collected":false,"FailureReason":null},"RegistrySessions":{"Results":[],"Collected":false,"FailureReason":null},"LocalAdmins":{"Results":[],"Collected":false,"FailureReason":null},"RemoteDesktopUsers":{"Results":[],"Collected":false,"FailureReason":null},"DcomUsers":{"Results":[],"Collected":false,"FailureReason":null},"PSRemoteUsers":{"Results":[],"Collected":false,"FailureReason":null},"Status":null,"Aces":[{"PrincipalSID":"S-1-5-21-786322660-383915852-3508207375-512","PrincipalType":"Group","RightName":"Owns","IsInherited":false},{"PrincipalSID":"ELAD.NET-S-1-5-32-548","PrincipalType":"Group","RightName":"GenericAll","IsInherited":false},{"PrincipalSID":"S-1-5-21-786322660-383915852-3508207375-512","PrincipalType":"Group","RightName":"GenericAll","IsInherited":false},{"PrincipalSID":"S-1-5-21-786322660-383915852-3508207375-526","PrincipalType":"Group","RightName":"AddKeyCredentialLink","IsInherited":true},{"PrincipalSID":"S-1-5-21-786322660-383915852-3508207375-527","PrincipalType":"Group","RightName":"AddKeyCredentialLink","IsInherited":true},{"PrincipalSID":"S-1-5-21-786322660-383915852-3508207375-519","PrincipalType":"Group","RightName":"GenericAll","IsInherited":true},{"PrincipalSID":"ELAD.NET-S-1-5-32-544","PrincipalType":"Group","RightName":"WriteDacl","IsInherited":true},{"PrincipalSID":"ELAD.NET-S-1-5-32-544","PrincipalType":"Group","RightName":"WriteOwner","IsInherited":true},{"PrincipalSID":"ELAD.NET-S-1-5-32-544","PrincipalType":"Group","RightName":"GenericWrite","IsInherited":true}],"ObjectIdentifier":"S-1-5-21-786322660-383915852-3508207375-1114","IsDeleted":false,"IsACLProtected":false},{"Properties":{"domain":"ELAD.NET","name":"UBUNTU-SERVER","distinguishedname":"CN=UBUNTU-SERVER,OU=LINUX,OU=MY SERVERS,DC=ELAD,DC=NET","domainsid":"S-1-5-21-786322660-383915852-3508207375","highvalue":false,"samaccountname":"UBUNTU-SERVER$","haslaps":false,"description":null,"whencreated":1659104937,"enabled":true,"unconstraineddelegation":false,"trustedtoauth":false,"lastlogon":1661011830,"lastlogontimestamp":1660319304,"pwdlastset":1659094137,"serviceprincipalnames":["RestrictedKrbHost/UBUNTU-SERVER","host/UBUNTU-SERVER"],"operatingsystem":"pc-linux-gnu","sidhistory":[]},"PrimaryGroupSID":"S-1-5-21-786322660-383915852-3508207375-515","AllowedToDelegate":[],"AllowedToAct":[],"HasSIDHistory":[],"Sessions":{"Results":[],"Collected":false,"FailureReason":null},"PrivilegedSessions":{"Results":[],"Collected":false,"FailureReason":null},"RegistrySessions":{"Results":[],"Collected":false,"FailureReason":null},"LocalAdmins":{"Results":[],"Collected":false,"FailureReason":null},"RemoteDesktopUsers":{"Results":[],"Collected":false,"FailureReason":null},"DcomUsers":{"Results":[],"Collected":false,"FailureReason":null},"PSRemoteUsers":{"Results":[],"Collected":false,"FailureReason":null},"Status":null,"Aces":[{"PrincipalSID":"S-1-5-21-786322660-383915852-3508207375-512","PrincipalType":"Group","RightName":"Owns","IsInherited":false},{"PrincipalSID":"ELAD.NET-S-1-5-32-548","PrincipalType":"Group","RightName":"GenericAll","IsInherited":false},{"PrincipalSID":"S-1-5-21-786322660-383915852-3508207375-512","PrincipalType":"Group","RightName":"GenericAll","IsInherited":false},{"PrincipalSID":"S-1-5-21-786322660-383915852-3508207375-526","PrincipalType":"Group","RightName":"AddKeyCredentialLink","IsInherited":true},{"PrincipalSID":"S-1-5-21-786322660-383915852-3508207375-527","PrincipalType":"Group","RightName":"AddKeyCredentialLink","IsInherited":true},{"PrincipalSID":"S-1-5-21-786322660-383915852-3508207375-519","PrincipalType":"Group","RightName":"GenericAll","IsInherited":true},{"PrincipalSID":"ELAD.NET-S-1-5-32-544","PrincipalType":"Group","RightName":"WriteDacl","IsInherited":true},{"PrincipalSID":"ELAD.NET-S-1-5-32-544","PrincipalType":"Group","RightName":"WriteOwner","IsInherited":true},{"PrincipalSID":"ELAD.NET-S-1-5-32-544","PrincipalType":"Group","RightName":"GenericWrite","IsInherited":true}],"ObjectIdentifier":"S-1-5-21-786322660-383915852-3508207375-1601","IsDeleted":false,"IsACLProtected":false},{"Properties":{"domain":"ELAD.NET","name":"UBUNTU","distinguishedname":"CN=UBUNTU,CN=COMPUTERS,DC=ELAD,DC=NET","domainsid":"S-1-5-21-786322660-383915852-3508207375","highvalue":false,"samaccountname":"UBUNTU$","haslaps":false,"description":null,"whencreated":1659116678,"enabled":true,"unconstraineddelegation":false,"trustedtoauth":false,"lastlogon":1659199468,"lastlogontimestamp":1659105879,"pwdlastset":1659105879,"serviceprincipalnames":["RestrictedKrbHost/UBUNTU","host/UBUNTU"],"operatingsystem":"pc-linux-gnu","sidhistory":[]},"PrimaryGroupSID":"S-1-5-21-786322660-383915852-3508207375-515","AllowedToDelegate":[],"AllowedToAct":[],"HasSIDHistory":[],"Sessions":{"Results":[],"Collected":false,"FailureReason":null},"PrivilegedSessions":{"Results":[],"Collected":false,"FailureReason":null},"RegistrySessions":{"Results":[],"Collected":false,"FailureReason":null},"LocalAdmins":{"Results":[],"Collected":false,"FailureReason":null},"RemoteDesktopUsers":{"Results":[],"Collected":false,"FailureReason":null},"DcomUsers":{"Results":[],"Collected":false,"FailureReason":null},"PSRemoteUsers":{"Results":[],"Collected":false,"FailureReason":null},"Status":null,"Aces":[{"PrincipalSID":"S-1-5-21-786322660-383915852-3508207375-512","PrincipalType":"Group","RightName":"Owns","IsInherited":false},{"PrincipalSID":"ELAD.NET-S-1-5-32-548","PrincipalType":"Group","RightName":"GenericAll","IsInherited":false},{"PrincipalSID":"S-1-5-21-786322660-383915852-3508207375-512","PrincipalType":"Group","RightName":"GenericAll","IsInherited":false},{"PrincipalSID":"S-1-5-21-786322660-383915852-3508207375-526","PrincipalType":"Group","RightName":"AddKeyCredentialLink","IsInherited":true},{"PrincipalSID":"S-1-5-21-786322660-383915852-3508207375-527","PrincipalType":"Group","RightName":"AddKeyCredentialLink","IsInherited":true},{"PrincipalSID":"S-1-5-21-786322660-383915852-3508207375-519","PrincipalType":"Group","RightName":"GenericAll","IsInherited":true},{"PrincipalSID":"ELAD.NET-S-1-5-32-544","PrincipalType":"Group","RightName":"WriteDacl","IsInherited":true},{"PrincipalSID":"ELAD.NET-S-1-5-32-544","PrincipalType":"Group","RightName":"WriteOwner","IsInherited":true},{"PrincipalSID":"ELAD.NET-S-1-5-32-544","PrincipalType":"Group","RightName":"GenericWrite","IsInherited":true}],"ObjectIdentifier":"S-1-5-21-786322660-383915852-3508207375-1602","IsDeleted":false,"IsACLProtected":false},{"Properties":{"domain":"ELAD.NET","name":"WIN16-EXT.ELAD.NET","distinguishedname":"CN=WIN16-EXT,OU=WINDOWS,OU=MY SERVERS,DC=ELAD,DC=NET","domainsid":"S-1-5-21-786322660-383915852-3508207375","highvalue":false,"samaccountname":"WIN16-EXT$","haslaps":false,"description":null,"whencreated":1656690708,"enabled":true,"unconstraineddelegation":false,"trustedtoauth":false,"lastlogon":1660312741,"lastlogontimestamp":1659777663,"pwdlastset":1659777663,"serviceprincipalnames":["WSMAN/WIN16-EXT","WSMAN/WIN16-EXT.elad.net","TERMSRV/WIN16-EXT","TERMSRV/WIN16-EXT.elad.net","RestrictedKrbHost/WIN16-EXT","HOST/WIN16-EXT","RestrictedKrbHost/WIN16-EXT.elad.net","HOST/WIN16-EXT.elad.net"],"operatingsystem":"Windows Server 2016 Standard Evaluation","sidhistory":[]},"PrimaryGroupSID":"S-1-5-21-786322660-383915852-3508207375-515","AllowedToDelegate":[],"AllowedToAct":[],"HasSIDHistory":[],"Sessions":{"Results":[],"Collected":false,"FailureReason":null},"PrivilegedSessions":{"Results":[],"Collected":false,"FailureReason":null},"RegistrySessions":{"Results":[],"Collected":false,"FailureReason":null},"LocalAdmins":{"Results":[],"Collected":false,"FailureReason":null},"RemoteDesktopUsers":{"Results":[],"Collected":false,"FailureReason":null},"DcomUsers":{"Results":[],"Collected":false,"FailureReason":null},"PSRemoteUsers":{"Results":[],"Collected":false,"FailureReason":null},"Status":null,"Aces":[{"PrincipalSID":"S-1-5-21-786322660-383915852-3508207375-512","PrincipalType":"Group","RightName":"Owns","IsInherited":false},{"PrincipalSID":"ELAD.NET-S-1-5-32-548","PrincipalType":"Group","RightName":"GenericAll","IsInherited":false},{"PrincipalSID":"S-1-5-21-786322660-383915852-3508207375-512","PrincipalType":"Group","RightName":"GenericAll","IsInherited":false},{"PrincipalSID":"S-1-5-21-786322660-383915852-3508207375-526","PrincipalType":"Group","RightName":"AddKeyCredentialLink","IsInherited":true},{"PrincipalSID":"S-1-5-21-786322660-383915852-3508207375-527","PrincipalType":"Group","RightName":"AddKeyCredentialLink","IsInherited":true},{"PrincipalSID":"S-1-5-21-786322660-383915852-3508207375-519","PrincipalType":"Group","RightName":"GenericAll","IsInherited":true},{"PrincipalSID":"ELAD.NET-S-1-5-32-544","PrincipalType":"Group","RightName":"WriteDacl","IsInherited":true},{"PrincipalSID":"ELAD.NET-S-1-5-32-544","PrincipalType":"Group","RightName":"WriteOwner","IsInherited":true},{"PrincipalSID":"ELAD.NET-S-1-5-32-544","PrincipalType":"Group","RightName":"GenericWrite","IsInherited":true}],"ObjectIdentifier":"S-1-5-21-786322660-383915852-3508207375-1110","IsDeleted":false,"IsACLProtected":false},{"Properties":{"domain":"ELAD.NET","name":"WIN16-DC01.ELAD.NET","distinguishedname":"CN=WIN16-DC01,OU=DOMAIN CONTROLLERS,DC=ELAD,DC=NET","domainsid":"S-1-5-21-786322660-383915852-3508207375","highvalue":false,"samaccountname":"WIN16-DC01$","haslaps":false,"description":null,"whencreated":1651330784,"enabled":true,"unconstraineddelegation":true,"trustedtoauth":false,"lastlogon":1661003849,"lastlogontimestamp":1660249410,"pwdlastset":1660249411,"serviceprincipalnames":["Dfsr-12F9A27C-BF97-4787-9364-D31B6C55EB04/WIN16-DC01.elad.net","ldap/WIN16-DC01.elad.net/ForestDnsZones.elad.net","ldap/WIN16-DC01.elad.net/DomainDnsZones.elad.net","TERMSRV/WIN16-DC01","TERMSRV/WIN16-DC01.elad.net","DNS/WIN16-DC01.elad.net","GC/WIN16-DC01.elad.net/elad.net","RestrictedKrbHost/WIN16-DC01.elad.net","RestrictedKrbHost/WIN16-DC01","RPC/f27b0110-c35f-4fd5-b96c-404c1cebf965._msdcs.elad.net","HOST/WIN16-DC01/ELAD","HOST/WIN16-DC01.elad.net/ELAD","HOST/WIN16-DC01","HOST/WIN16-DC01.elad.net","HOST/WIN16-DC01.elad.net/elad.net","E3514235-4B06-11D1-AB04-00C04FC2DCD2/f27b0110-c35f-4fd5-b96c-404c1cebf965/elad.net","ldap/WIN16-DC01/ELAD","ldap/f27b0110-c35f-4fd5-b96c-404c1cebf965._msdcs.elad.net","ldap/WIN16-DC01.elad.net/ELAD","ldap/WIN16-DC01","ldap/WIN16-DC01.elad.net","ldap/WIN16-DC01.elad.net/elad.net"],"operatingsystem":"Windows Server 2016 Standard Evaluation","sidhistory":[]},"PrimaryGroupSID":"S-1-5-21-786322660-383915852-3508207375-516","AllowedToDelegate":[],"AllowedToAct":[],"HasSIDHistory":[],"Sessions":{"Results":[],"Collected":true,"FailureReason":null},"PrivilegedSessions":{"Results":[],"Collected":false,"FailureReason":null},"RegistrySessions":{"Results":[],"Collected":false,"FailureReason":null},"LocalAdmins":{"Results":[{"ObjectIdentifier":"S-1-5-21-786322660-383915852-3508207375-500","ObjectType":"User"},{"ObjectIdentifier":"S-1-5-21-786322660-383915852-3508207375-519","ObjectType":"Group"},{"ObjectIdentifier":"S-1-5-21-786322660-383915852-3508207375-512","ObjectType":"Group"},{"ObjectIdentifier":"S-1-5-21-786322660-383915852-3508207375-1103","ObjectType":"User"}],"Collected":true,"FailureReason":null},"RemoteDesktopUsers":{"Results":[{"ObjectIdentifier":"S-1-5-21-786322660-383915852-3508207375-1104","ObjectType":"User"}],"Collected":true,"FailureReason":null},"DcomUsers":{"Results":[],"Collected":true,"FailureReason":null},"PSRemoteUsers":{"Results":[],"Collected":true,"FailureReason":null},"Status":null,"Aces":[{"PrincipalSID":"S-1-5-21-786322660-383915852-3508207375-512","PrincipalType":"Group","RightName":"Owns","IsInherited":false},{"PrincipalSID":"S-1-5-21-786322660-383915852-3508207375-512","PrincipalType":"Group","RightName":"GenericAll","IsInherited":false},{"PrincipalSID":"S-1-5-21-786322660-383915852-3508207375-526","PrincipalType":"Group","RightName":"AddKeyCredentialLink","IsInherited":true},{"PrincipalSID":"S-1-5-21-786322660-383915852-3508207375-527","PrincipalType":"Group","RightName":"AddKeyCredentialLink","IsInherited":true},{"PrincipalSID":"S-1-5-21-786322660-383915852-3508207375-519","PrincipalType":"Group","RightName":"GenericAll","IsInherited":true},{"PrincipalSID":"ELAD.NET-S-1-5-32-544","PrincipalType":"Group","RightName":"WriteDacl","IsInherited":true},{"PrincipalSID":"ELAD.NET-S-1-5-32-544","PrincipalType":"Group","RightName":"WriteOwner","IsInherited":true},{"PrincipalSID":"ELAD.NET-S-1-5-32-544","PrincipalType":"Group","RightName":"GenericWrite","IsInherited":true}],"ObjectIdentifier":"S-1-5-21-786322660-383915852-3508207375-1000","IsDeleted":false,"IsACLProtected":false},{"Properties":{"domain":"ELAD.NET","name":"WIN10-USR01.ELAD.NET","distinguishedname":"CN=WIN10-USR01,CN=COMPUTERS,DC=ELAD,DC=NET","domainsid":"S-1-5-21-786322660-383915852-3508207375","highvalue":false,"samaccountname":"WIN10-USR01$","haslaps":false,"description":null,"whencreated":1658002565,"enabled":true,"unconstraineddelegation":false,"trustedtoauth":false,"lastlogon":1657991894,"lastlogontimestamp":1657991767,"pwdlastset":1657991765,"serviceprincipalnames":["RestrictedKrbHost/WIN10-USR01","HOST/WIN10-USR01","RestrictedKrbHost/WIN10-USR01.elad.net","HOST/WIN10-USR01.elad.net"],"operatingsystem":"Windows 10 Pro","sidhistory":[]},"PrimaryGroupSID":"S-1-5-21-786322660-383915852-3508207375-515","AllowedToDelegate":[],"AllowedToAct":[],"HasSIDHistory":[],"Sessions":{"Results":[],"Collected":false,"FailureReason":null},"PrivilegedSessions":{"Results":[],"Collected":false,"FailureReason":null},"RegistrySessions":{"Results":[],"Collected":false,"FailureReason":null},"LocalAdmins":{"Results":[],"Collected":false,"FailureReason":null},"RemoteDesktopUsers":{"Results":[],"Collected":false,"FailureReason":null},"DcomUsers":{"Results":[],"Collected":false,"FailureReason":null},"PSRemoteUsers":{"Results":[],"Collected":false,"FailureReason":null},"Status":null,"Aces":[{"PrincipalSID":"S-1-5-21-786322660-383915852-3508207375-512","PrincipalType":"Group","RightName":"Owns","IsInherited":false},{"PrincipalSID":"ELAD.NET-S-1-5-32-548","PrincipalType":"Group","RightName":"GenericAll","IsInherited":false},{"PrincipalSID":"S-1-5-21-786322660-383915852-3508207375-512","PrincipalType":"Group","RightName":"GenericAll","IsInherited":false},{"PrincipalSID":"S-1-5-21-786322660-383915852-3508207375-526","PrincipalType":"Group","RightName":"AddKeyCredentialLink","IsInherited":true},{"PrincipalSID":"S-1-5-21-786322660-383915852-3508207375-527","PrincipalType":"Group","RightName":"AddKeyCredentialLink","IsInherited":true},{"PrincipalSID":"S-1-5-21-786322660-383915852-3508207375-519","PrincipalType":"Group","RightName":"GenericAll","IsInherited":true},{"PrincipalSID":"ELAD.NET-S-1-5-32-544","PrincipalType":"Group","RightName":"WriteDacl","IsInherited":true},{"PrincipalSID":"ELAD.NET-S-1-5-32-544","PrincipalType":"Group","RightName":"WriteOwner","IsInherited":true},{"PrincipalSID":"ELAD.NET-S-1-5-32-544","PrincipalType":"Group","RightName":"GenericWrite","IsInherited":true}],"ObjectIdentifier":"S-1-5-21-786322660-383915852-3508207375-1118","IsDeleted":false,"IsACLProtected":false},{"Properties":{"domain":"ELAD.NET","name":"WIN16-EPO.ELAD.NET","distinguishedname":"CN=WIN16-EPO,OU=WINDOWS,OU=MY SERVERS,DC=ELAD,DC=NET","domainsid":"S-1-5-21-786322660-383915852-3508207375","highvalue":false,"samaccountname":"WIN16-EPO$","haslaps":false,"description":null,"whencreated":1656638423,"enabled":true,"unconstraineddelegation":false,"trustedtoauth":false,"lastlogon":1660393301,"lastlogontimestamp":1660281942,"pwdlastset":1659210467,"serviceprincipalnames":["WSMAN/WIN16-EPO","WSMAN/WIN16-EPO.elad.net","TERMSRV/WIN16-EPO","TERMSRV/WIN16-EPO.elad.net","RestrictedKrbHost/WIN16-EPO","HOST/WIN16-EPO","RestrictedKrbHost/WIN16-EPO.elad.net","HOST/WIN16-EPO.elad.net"],"operatingsystem":"Windows Server 2016 Standard Evaluation","sidhistory":[]},"PrimaryGroupSID":"S-1-5-21-786322660-383915852-3508207375-515","AllowedToDelegate":[],"AllowedToAct":[],"HasSIDHistory":[],"Sessions":{"Results":[],"Collected":false,"FailureReason":null},"PrivilegedSessions":{"Results":[],"Collected":false,"FailureReason":null},"RegistrySessions":{"Results":[],"Collected":false,"FailureReason":null},"LocalAdmins":{"Results":[],"Collected":false,"FailureReason":null},"RemoteDesktopUsers":{"Results":[],"Collected":false,"FailureReason":null},"DcomUsers":{"Results":[],"Collected":false,"FailureReason":null},"PSRemoteUsers":{"Results":[],"Collected":false,"FailureReason":null},"Status":null,"Aces":[{"PrincipalSID":"S-1-5-21-786322660-383915852-3508207375-512","PrincipalType":"Group","RightName":"Owns","IsInherited":false},{"PrincipalSID":"ELAD.NET-S-1-5-32-548","PrincipalType":"Group","RightName":"GenericAll","IsInherited":false},{"PrincipalSID":"S-1-5-21-786322660-383915852-3508207375-512","PrincipalType":"Group","RightName":"GenericAll","IsInherited":false},{"PrincipalSID":"S-1-5-21-786322660-383915852-3508207375-526","PrincipalType":"Group","RightName":"AddKeyCredentialLink","IsInherited":true},{"PrincipalSID":"S-1-5-21-786322660-383915852-3508207375-527","PrincipalType":"Group","RightName":"AddKeyCredentialLink","IsInherited":true},{"PrincipalSID":"S-1-5-21-786322660-383915852-3508207375-519","PrincipalType":"Group","RightName":"GenericAll","IsInherited":true},{"PrincipalSID":"ELAD.NET-S-1-5-32-544","PrincipalType":"Group","RightName":"WriteDacl","IsInherited":true},{"PrincipalSID":"ELAD.NET-S-1-5-32-544","PrincipalType":"Group","RightName":"WriteOwner","IsInherited":true},{"PrincipalSID":"ELAD.NET-S-1-5-32-544","PrincipalType":"Group","RightName":"GenericWrite","IsInherited":true}],"ObjectIdentifier":"S-1-5-21-786322660-383915852-3508207375-1107","IsDeleted":false,"IsACLProtected":false}],"meta":{"methods":29675,"type":"computers","count":8,"version":5}}