﻿{"data":[{"Properties":{"domain":"ELAD.NET","name":"WINSOCKSERVICES@ELAD.NET","distinguishedname":"CN=WINSOCKSERVICES,CN=SYSTEM,DC=ELAD,DC=NET","domainsid":"S-1-5-21-786322660-383915852-3508207375","highvalue":false},"ChildObjects":[],"Aces":[{"PrincipalSID":"S-1-5-21-786322660-383915852-3508207375-512","PrincipalType":"Group","RightName":"Owns","IsInherited":false},{"PrincipalSID":"S-1-5-21-786322660-383915852-3508207375-512","PrincipalType":"Group","RightName":"WriteDacl","IsInherited":false},{"PrincipalSID":"S-1-5-21-786322660-383915852-3508207375-512","PrincipalType":"Group","RightName":"WriteOwner","IsInherited":false},{"PrincipalSID":"S-1-5-21-786322660-383915852-3508207375-519","PrincipalType":"Group","RightName":"GenericAll","IsInherited":true},{"PrincipalSID":"ELAD.NET-S-1-5-32-544","PrincipalType":"Group","RightName":"WriteDacl","IsInherited":true},{"PrincipalSID":"ELAD.NET-S-1-5-32-544","PrincipalType":"Group","RightName":"WriteOwner","IsInherited":true}],"ObjectIdentifier":"16989C1F-FE03-45C9-A840-69334C3C878D","IsDeleted":false,"IsACLProtected":false},{"Properties":{"domain":"ELAD.NET","name":"FOREIGNSECURITYPRINCIPALS@ELAD.NET","distinguishedname":"CN=FOREIGNSECURITYPRINCIPALS,DC=ELAD,DC=NET","domainsid":"S-1-5-21-786322660-383915852-3508207375","highvalue":false},"ChildObjects":[],"Aces":[{"PrincipalSID":"S-1-5-21-786322660-383915852-3508207375-512","PrincipalType":"Group","RightName":"Owns","IsInherited":false},{"PrincipalSID":"S-1-5-21-786322660-383915852-3508207375-512","PrincipalType":"Group","RightName":"GenericAll","IsInherited":false},{"PrincipalSID":"S-1-5-21-786322660-383915852-3508207375-519","PrincipalType":"Group","RightName":"GenericAll","IsInherited":true},{"PrincipalSID":"ELAD.NET-S-1-5-32-544","PrincipalType":"Group","RightName":"WriteDacl","IsInherited":true},{"PrincipalSID":"ELAD.NET-S-1-5-32-544","PrincipalType":"Group","RightName":"WriteOwner","IsInherited":true}],"ObjectIdentifier":"99B49705-606D-4C4C-94A7-1AC949EB39D3","IsDeleted":false,"IsACLProtected":false},{"Properties":{"domain":"ELAD.NET","name":"COMPARTITIONSETS@ELAD.NET","distinguishedname":"CN=COMPARTITIONSETS,CN=SYSTEM,DC=ELAD,DC=NET","domainsid":"S-1-5-21-786322660-383915852-3508207375","highvalue":false},"ChildObjects":[],"Aces":[{"PrincipalSID":"S-1-5-21-786322660-383915852-3508207375-512","PrincipalType":"Group","RightName":"Owns","IsInherited":false},{"PrincipalSID":"S-1-5-21-786322660-383915852-3508207375-512","PrincipalType":"Group","RightName":"WriteDacl","IsInherited":false},{"PrincipalSID":"S-1-5-21-786322660-383915852-3508207375-512","PrincipalType":"Group","RightName":"WriteOwner","IsInherited":false},{"PrincipalSID":"S-1-5-21-786322660-383915852-3508207375-519","PrincipalType":"Group","RightName":"GenericAll","IsInherited":true},{"PrincipalSID":"ELAD.NET-S-1-5-32-544","PrincipalType":"Group","RightName":"WriteDacl","IsInherited":true},{"PrincipalSID":"ELAD.NET-S-1-5-32-544","PrincipalType":"Group","RightName":"WriteOwner","IsInherited":true}],"ObjectIdentifier":"94BFA1F8-21BE-49DB-BC19-D49CCCA7F361","IsDeleted":false,"IsACLProtected":false},{"Properties":{"domain":"ELAD.NET","name":"PROGRAM DATA@ELAD.NET","distinguishedname":"CN=PROGRAM DATA,DC=ELAD,DC=NET","domainsid":"S-1-5-21-786322660-383915852-3508207375","highvalue":false},"ChildObjects":[],"Aces":[{"PrincipalSID":"S-1-5-21-786322660-383915852-3508207375-512","PrincipalType":"Group","RightName":"Owns","IsInherited":false},{"PrincipalSID":"S-1-5-21-786322660-383915852-3508207375-512","PrincipalType":"Group","RightName":"GenericAll","IsInherited":false},{"PrincipalSID":"S-1-5-21-786322660-383915852-3508207375-519","PrincipalType":"Group","RightName":"GenericAll","IsInherited":true},{"PrincipalSID":"ELAD.NET-S-1-5-32-544","PrincipalType":"Group","RightName":"WriteDacl","IsInherited":true},{"PrincipalSID":"ELAD.NET-S-1-5-32-544","PrincipalType":"Group","RightName":"WriteOwner","IsInherited":true}],"ObjectIdentifier":"E49983C2-A763-49D6-980C-E282CF6B01A4","IsDeleted":false,"IsACLProtected":false},{"Properties":{"domain":"ELAD.NET","name":"MEETINGS@ELAD.NET","distinguishedname":"CN=MEETINGS,CN=SYSTEM,DC=ELAD,DC=NET","domainsid":"S-1-5-21-786322660-383915852-3508207375","highvalue":false},"ChildObjects":[],"Aces":[{"PrincipalSID":"S-1-5-21-786322660-383915852-3508207375-512","PrincipalType":"Group","RightName":"Owns","IsInherited":false},{"PrincipalSID":"S-1-5-21-786322660-383915852-3508207375-512","PrincipalType":"Group","RightName":"WriteDacl","IsInherited":false},{"PrincipalSID":"S-1-5-21-786322660-383915852-3508207375-512","PrincipalType":"Group","RightName":"WriteOwner","IsInherited":false},{"PrincipalSID":"S-1-5-21-786322660-383915852-3508207375-519","PrincipalType":"Group","RightName":"GenericAll","IsInherited":true},{"PrincipalSID":"ELAD.NET-S-1-5-32-544","PrincipalType":"Group","RightName":"WriteDacl","IsInherited":true},{"PrincipalSID":"ELAD.NET-S-1-5-32-544","PrincipalType":"Group","RightName":"WriteOwner","IsInherited":true}],"ObjectIdentifier":"EBC1BA31-5DD9-4CDA-AE57-5BCA25198071","IsDeleted":false,"IsACLProtected":false},{"Properties":{"domain":"ELAD.NET","name":"SYSTEM@ELAD.NET","distinguishedname":"CN=SYSTEM,DC=ELAD,DC=NET","domainsid":"S-1-5-21-786322660-383915852-3508207375","highvalue":false},"ChildObjects":[],"Aces":[{"PrincipalSID":"S-1-5-21-786322660-383915852-3508207375-512","PrincipalType":"Group","RightName":"Owns","IsInherited":false},{"PrincipalSID":"S-1-5-21-786322660-383915852-3508207375-512","PrincipalType":"Group","RightName":"WriteDacl","IsInherited":false},{"PrincipalSID":"S-1-5-21-786322660-383915852-3508207375-512","PrincipalType":"Group","RightName":"WriteOwner","IsInherited":false},{"PrincipalSID":"S-1-5-21-786322660-383915852-3508207375-519","PrincipalType":"Group","RightName":"GenericAll","IsInherited":true},{"PrincipalSID":"ELAD.NET-S-1-5-32-544","PrincipalType":"Group","RightName":"WriteDacl","IsInherited":true},{"PrincipalSID":"ELAD.NET-S-1-5-32-544","PrincipalType":"Group","RightName":"WriteOwner","IsInherited":true}],"ObjectIdentifier":"8FB77EC9-8FA1-479A-8A2B-974AC7FB952D","IsDeleted":false,"IsACLProtected":false},{"Properties":{"domain":"ELAD.NET","name":"MICROSOFT@ELAD.NET","distinguishedname":"CN=MICROSOFT,CN=PROGRAM DATA,DC=ELAD,DC=NET","domainsid":"S-1-5-21-786322660-383915852-3508207375","highvalue":false},"ChildObjects":[],"Aces":[{"PrincipalSID":"S-1-5-21-786322660-383915852-3508207375-512","PrincipalType":"Group","RightName":"Owns","IsInherited":false},{"PrincipalSID":"S-1-5-21-786322660-383915852-3508207375-512","PrincipalType":"Group","RightName":"GenericAll","IsInherited":false},{"PrincipalSID":"S-1-5-21-786322660-383915852-3508207375-519","PrincipalType":"Group","RightName":"GenericAll","IsInherited":true},{"PrincipalSID":"ELAD.NET-S-1-5-32-544","PrincipalType":"Group","RightName":"WriteDacl","IsInherited":true},{"PrincipalSID":"ELAD.NET-S-1-5-32-544","PrincipalType":"Group","RightName":"WriteOwner","IsInherited":true}],"ObjectIdentifier":"D46FFA5F-AC1C-4B07-BE6C-ECCC7AD591B2","IsDeleted":false,"IsACLProtected":false},{"Properties":{"domain":"ELAD.NET","name":"POLICIES@ELAD.NET","distinguishedname":"CN=POLICIES,CN=SYSTEM,DC=ELAD,DC=NET","domainsid":"S-1-5-21-786322660-383915852-3508207375","highvalue":false},"ChildObjects":[],"Aces":[{"PrincipalSID":"S-1-5-21-786322660-383915852-3508207375-512","PrincipalType":"Group","RightName":"Owns","IsInherited":false},{"PrincipalSID":"S-1-5-21-786322660-383915852-3508207375-512","PrincipalType":"Group","RightName":"WriteDacl","IsInherited":false},{"PrincipalSID":"S-1-5-21-786322660-383915852-3508207375-512","PrincipalType":"Group","RightName":"WriteOwner","IsInherited":false},{"PrincipalSID":"S-1-5-21-786322660-383915852-3508207375-519","PrincipalType":"Group","RightName":"GenericAll","IsInherited":true},{"PrincipalSID":"ELAD.NET-S-1-5-32-544","PrincipalType":"Group","RightName":"WriteDacl","IsInherited":true},{"PrincipalSID":"ELAD.NET-S-1-5-32-544","PrincipalType":"Group","RightName":"WriteOwner","IsInherited":true}],"ObjectIdentifier":"DD12D22A-6991-48DE-B98C-47E51C3BE3AA","IsDeleted":false,"IsACLProtected":false},{"Properties":{"domain":"ELAD.NET","name":"RPCSERVICES@ELAD.NET","distinguishedname":"CN=RPCSERVICES,CN=SYSTEM,DC=ELAD,DC=NET","domainsid":"S-1-5-21-786322660-383915852-3508207375","highvalue":false},"ChildObjects":[],"Aces":[{"PrincipalSID":"S-1-5-21-786322660-383915852-3508207375-512","PrincipalType":"Group","RightName":"Owns","IsInherited":false},{"PrincipalSID":"S-1-5-21-786322660-383915852-3508207375-512","PrincipalType":"Group","RightName":"WriteDacl","IsInherited":false},{"PrincipalSID":"S-1-5-21-786322660-383915852-3508207375-512","PrincipalType":"Group","RightName":"WriteOwner","IsInherited":false},{"PrincipalSID":"S-1-5-21-786322660-383915852-3508207375-519","PrincipalType":"Group","RightName":"GenericAll","IsInherited":true},{"PrincipalSID":"ELAD.NET-S-1-5-32-544","PrincipalType":"Group","RightName":"WriteDacl","IsInherited":true},{"PrincipalSID":"ELAD.NET-S-1-5-32-544","PrincipalType":"Group","RightName":"WriteOwner","IsInherited":true}],"ObjectIdentifier":"14AAC798-0E87-4125-B89A-CBD3A1896922","IsDeleted":false,"IsACLProtected":false},{"Properties":{"domain":"ELAD.NET","name":"WMIPOLICY@ELAD.NET","distinguishedname":"CN=WMIPOLICY,CN=SYSTEM,DC=ELAD,DC=NET","domainsid":"S-1-5-21-786322660-383915852-3508207375","highvalue":false},"ChildObjects":[],"Aces":[{"PrincipalSID":"S-1-5-21-786322660-383915852-3508207375-512","PrincipalType":"Group","RightName":"Owns","IsInherited":false},{"PrincipalSID":"S-1-5-21-786322660-383915852-3508207375-512","PrincipalType":"Group","RightName":"GenericAll","IsInherited":false},{"PrincipalSID":"S-1-5-21-786322660-383915852-3508207375-519","PrincipalType":"Group","RightName":"GenericAll","IsInherited":false}],"ObjectIdentifier":"F8219669-33D2-4E3A-B4ED-1021F53A0613","IsDeleted":false,"IsACLProtected":true},{"Properties":{"domain":"ELAD.NET","name":"KEYS@ELAD.NET","distinguishedname":"CN=KEYS,DC=ELAD,DC=NET","domainsid":"S-1-5-21-786322660-383915852-3508207375","highvalue":false},"ChildObjects":[],"Aces":[{"PrincipalSID":"S-1-5-21-786322660-383915852-3508207375-512","PrincipalType":"Group","RightName":"Owns","IsInherited":false},{"PrincipalSID":"ELAD.NET-S-1-5-9","PrincipalType":"Group","RightName":"GenericAll","IsInherited":false},{"PrincipalSID":"S-1-5-21-786322660-383915852-3508207375-512","PrincipalType":"Group","RightName":"GenericAll","IsInherited":false},{"PrincipalSID":"S-1-5-21-786322660-383915852-3508207375-516","PrincipalType":"Group","RightName":"GenericAll","IsInherited":false},{"PrincipalSID":"S-1-5-21-786322660-383915852-3508207375-519","PrincipalType":"Group","RightName":"GenericAll","IsInherited":false},{"PrincipalSID":"S-1-5-21-786322660-383915852-3508207375-526","PrincipalType":"Group","RightName":"GenericAll","IsInherited":false},{"PrincipalSID":"S-1-5-21-786322660-383915852-3508207375-527","PrincipalType":"Group","RightName":"GenericAll","IsInherited":false}],"ObjectIdentifier":"CB077082-EE2C-4DF9-AC52-9547F7A71000","IsDeleted":false,"IsACLProtected":true},{"Properties":{"domain":"ELAD.NET","name":"POLICYTEMPLATE@ELAD.NET","distinguishedname":"CN=POLICYTEMPLATE,CN=WMIPOLICY,CN=SYSTEM,DC=ELAD,DC=NET","domainsid":"S-1-5-21-786322660-383915852-3508207375","highvalue":false},"ChildObjects":[],"Aces":[{"PrincipalSID":"S-1-5-21-786322660-383915852-3508207375-512","PrincipalType":"Group","RightName":"Owns","IsInherited":false},{"PrincipalSID":"S-1-5-21-786322660-383915852-3508207375-512","PrincipalType":"Group","RightName":"WriteDacl","IsInherited":false},{"PrincipalSID":"S-1-5-21-786322660-383915852-3508207375-512","PrincipalType":"Group","RightName":"WriteOwner","IsInherited":false},{"PrincipalSID":"S-1-5-21-786322660-383915852-3508207375-519","PrincipalType":"Group","RightName":"GenericAll","IsInherited":true},{"PrincipalSID":"S-1-5-21-786322660-383915852-3508207375-512","PrincipalType":"Group","RightName":"GenericAll","IsInherited":true}],"ObjectIdentifier":"7DF94D5F-0957-42BE-941B-8943194B60F5","IsDeleted":false,"IsACLProtected":false},{"Properties":{"domain":"ELAD.NET","name":"SOM@ELAD.NET","distinguishedname":"CN=SOM,CN=WMIPOLICY,CN=SYSTEM,DC=ELAD,DC=NET","domainsid":"S-1-5-21-786322660-383915852-3508207375","highvalue":false},"ChildObjects":[],"Aces":[{"PrincipalSID":"S-1-5-21-786322660-383915852-3508207375-512","PrincipalType":"Group","RightName":"Owns","IsInherited":false},{"PrincipalSID":"S-1-5-21-786322660-383915852-3508207375-512","PrincipalType":"Group","RightName":"GenericAll","IsInherited":false},{"PrincipalSID":"S-1-5-21-786322660-383915852-3508207375-519","PrincipalType":"Group","RightName":"GenericAll","IsInherited":false}],"ObjectIdentifier":"B5EF593B-B956-4D29-81E1-E4B2F955916F","IsDeleted":false,"IsACLProtected":true},{"Properties":{"domain":"ELAD.NET","name":"PSPS@ELAD.NET","distinguishedname":"CN=PSPS,CN=SYSTEM,DC=ELAD,DC=NET","domainsid":"S-1-5-21-786322660-383915852-3508207375","highvalue":false},"ChildObjects":[],"Aces":[{"PrincipalSID":"S-1-5-21-786322660-383915852-3508207375-512","PrincipalType":"Group","RightName":"Owns","IsInherited":false},{"PrincipalSID":"S-1-5-21-786322660-383915852-3508207375-512","PrincipalType":"Group","RightName":"GenericAll","IsInherited":false},{"PrincipalSID":"S-1-5-21-786322660-383915852-3508207375-519","PrincipalType":"Group","RightName":"GenericAll","IsInherited":true},{"PrincipalSID":"ELAD.NET-S-1-5-32-544","PrincipalType":"Group","RightName":"WriteDacl","IsInherited":true},{"PrincipalSID":"ELAD.NET-S-1-5-32-544","PrincipalType":"Group","RightName":"WriteOwner","IsInherited":true}],"ObjectIdentifier":"B48C2C38-08EF-447D-B5C8-DF3A9D90133D","IsDeleted":false,"IsACLProtected":false},{"Properties":{"domain":"ELAD.NET","name":"WMIGPO@ELAD.NET","distinguishedname":"CN=WMIGPO,CN=WMIPOLICY,CN=SYSTEM,DC=ELAD,DC=NET","domainsid":"S-1-5-21-786322660-383915852-3508207375","highvalue":false},"ChildObjects":[],"Aces":[{"PrincipalSID":"S-1-5-21-786322660-383915852-3508207375-512","PrincipalType":"Group","RightName":"Owns","IsInherited":false},{"PrincipalSID":"S-1-5-21-786322660-383915852-3508207375-512","PrincipalType":"Group","RightName":"WriteDacl","IsInherited":false},{"PrincipalSID":"S-1-5-21-786322660-383915852-3508207375-512","PrincipalType":"Group","RightName":"WriteOwner","IsInherited":false},{"PrincipalSID":"S-1-5-21-786322660-383915852-3508207375-519","PrincipalType":"Group","RightName":"GenericAll","IsInherited":true},{"PrincipalSID":"S-1-5-21-786322660-383915852-3508207375-512","PrincipalType":"Group","RightName":"GenericAll","IsInherited":true}],"ObjectIdentifier":"EADB417F-357B-46DC-A930-E012B83C998F","IsDeleted":false,"IsACLProtected":false},{"Properties":{"domain":"ELAD.NET","name":"COMPARTITIONS@ELAD.NET","distinguishedname":"CN=COMPARTITIONS,CN=SYSTEM,DC=ELAD,DC=NET","domainsid":"S-1-5-21-786322660-383915852-3508207375","highvalue":false},"ChildObjects":[],"Aces":[{"PrincipalSID":"S-1-5-21-786322660-383915852-3508207375-512","PrincipalType":"Group","RightName":"Owns","IsInherited":false},{"PrincipalSID":"S-1-5-21-786322660-383915852-3508207375-512","PrincipalType":"Group","RightName":"WriteDacl","IsInherited":false},{"PrincipalSID":"S-1-5-21-786322660-383915852-3508207375-512","PrincipalType":"Group","RightName":"WriteOwner","IsInherited":false},{"PrincipalSID":"S-1-5-21-786322660-383915852-3508207375-519","PrincipalType":"Group","RightName":"GenericAll","IsInherited":true},{"PrincipalSID":"ELAD.NET-S-1-5-32-544","PrincipalType":"Group","RightName":"WriteDacl","IsInherited":true},{"PrincipalSID":"ELAD.NET-S-1-5-32-544","PrincipalType":"Group","RightName":"WriteOwner","IsInherited":true}],"ObjectIdentifier":"F685792E-2869-4833-B240-EE538A6D77C1","IsDeleted":false,"IsACLProtected":false},{"Properties":{"domain":"ELAD.NET","name":"IP SECURITY@ELAD.NET","distinguishedname":"CN=IP SECURITY,CN=SYSTEM,DC=ELAD,DC=NET","domainsid":"S-1-5-21-786322660-383915852-3508207375","highvalue":false},"ChildObjects":[],"Aces":[{"PrincipalSID":"S-1-5-21-786322660-383915852-3508207375-512","PrincipalType":"Group","RightName":"Owns","IsInherited":false},{"PrincipalSID":"S-1-5-21-786322660-383915852-3508207375-512","PrincipalType":"Group","RightName":"WriteDacl","IsInherited":false},{"PrincipalSID":"S-1-5-21-786322660-383915852-3508207375-512","PrincipalType":"Group","RightName":"WriteOwner","IsInherited":false},{"PrincipalSID":"S-1-5-21-786322660-383915852-3508207375-519","PrincipalType":"Group","RightName":"GenericAll","IsInherited":true},{"PrincipalSID":"ELAD.NET-S-1-5-32-544","PrincipalType":"Group","RightName":"WriteDacl","IsInherited":true},{"PrincipalSID":"ELAD.NET-S-1-5-32-544","PrincipalType":"Group","RightName":"WriteOwner","IsInherited":true}],"ObjectIdentifier":"BB9DBEF5-27D6-4256-A74C-77F466328C40","IsDeleted":false,"IsACLProtected":false},{"Properties":{"domain":"ELAD.NET","name":"MICROSOFTDNS@ELAD.NET","distinguishedname":"CN=MICROSOFTDNS,CN=SYSTEM,DC=ELAD,DC=NET","domainsid":"S-1-5-21-786322660-383915852-3508207375","highvalue":false},"ChildObjects":[],"Aces":[{"PrincipalSID":"ELAD.NET-S-1-5-9","PrincipalType":"Group","RightName":"WriteDacl","IsInherited":false},{"PrincipalSID":"ELAD.NET-S-1-5-9","PrincipalType":"Group","RightName":"WriteOwner","IsInherited":false},{"PrincipalSID":"S-1-5-21-786322660-383915852-3508207375-512","PrincipalType":"Group","RightName":"GenericAll","IsInherited":false},{"PrincipalSID":"S-1-5-21-786322660-383915852-3508207375-1101","PrincipalType":"Group","RightName":"WriteDacl","IsInherited":false},{"PrincipalSID":"S-1-5-21-786322660-383915852-3508207375-1101","PrincipalType":"Group","RightName":"WriteOwner","IsInherited":false},{"PrincipalSID":"S-1-5-21-786322660-383915852-3508207375-519","PrincipalType":"Group","RightName":"GenericAll","IsInherited":true},{"PrincipalSID":"ELAD.NET-S-1-5-32-544","PrincipalType":"Group","RightName":"WriteDacl","IsInherited":true},{"PrincipalSID":"ELAD.NET-S-1-5-32-544","PrincipalType":"Group","RightName":"WriteOwner","IsInherited":true}],"ObjectIdentifier":"EA62D2F0-A552-46C4-8E05-692E974761FB","IsDeleted":false,"IsACLProtected":false},{"Properties":{"domain":"ELAD.NET","name":"ADMINSDHOLDER@ELAD.NET","distinguishedname":"CN=ADMINSDHOLDER,CN=SYSTEM,DC=ELAD,DC=NET","domainsid":"S-1-5-21-786322660-383915852-3508207375","highvalue":false},"ChildObjects":[],"Aces":[{"PrincipalSID":"S-1-5-21-786322660-383915852-3508207375-512","PrincipalType":"Group","RightName":"Owns","IsInherited":false},{"PrincipalSID":"ELAD.NET-S-1-5-32-544","PrincipalType":"Group","RightName":"WriteDacl","IsInherited":false},{"PrincipalSID":"ELAD.NET-S-1-5-32-544","PrincipalType":"Group","RightName":"WriteOwner","IsInherited":false},{"PrincipalSID":"S-1-5-21-786322660-383915852-3508207375-512","PrincipalType":"Group","RightName":"WriteDacl","IsInherited":false},{"PrincipalSID":"S-1-5-21-786322660-383915852-3508207375-512","PrincipalType":"Group","RightName":"WriteOwner","IsInherited":false},{"PrincipalSID":"S-1-5-21-786322660-383915852-3508207375-519","PrincipalType":"Group","RightName":"WriteDacl","IsInherited":false},{"PrincipalSID":"S-1-5-21-786322660-383915852-3508207375-519","PrincipalType":"Group","RightName":"WriteOwner","IsInherited":false}],"ObjectIdentifier":"6ACBFCC0-4333-4CB1-9FE2-3AC2A1688363","IsDeleted":false,"IsACLProtected":true},{"Properties":{"domain":"ELAD.NET","name":"RAS AND IAS SERVERS ACCESS CHECK@ELAD.NET","distinguishedname":"CN=RAS AND IAS SERVERS ACCESS CHECK,CN=SYSTEM,DC=ELAD,DC=NET","domainsid":"S-1-5-21-786322660-383915852-3508207375","highvalue":false},"ChildObjects":[],"Aces":[{"PrincipalSID":"S-1-5-21-786322660-383915852-3508207375-512","PrincipalType":"Group","RightName":"Owns","IsInherited":false},{"PrincipalSID":"S-1-5-21-786322660-383915852-3508207375-553","PrincipalType":"Group","RightName":"WriteDacl","IsInherited":false},{"PrincipalSID":"S-1-5-21-786322660-383915852-3508207375-553","PrincipalType":"Group","RightName":"WriteOwner","IsInherited":false},{"PrincipalSID":"S-1-5-21-786322660-383915852-3508207375-519","PrincipalType":"Group","RightName":"GenericAll","IsInherited":true},{"PrincipalSID":"ELAD.NET-S-1-5-32-544","PrincipalType":"Group","RightName":"WriteDacl","IsInherited":true},{"PrincipalSID":"ELAD.NET-S-1-5-32-544","PrincipalType":"Group","RightName":"WriteOwner","IsInherited":true}],"ObjectIdentifier":"F4365405-E8B5-4129-941F-31C6981DB172","IsDeleted":false,"IsACLProtected":false},{"Properties":{"domain":"ELAD.NET","name":"POLICYTYPE@ELAD.NET","distinguishedname":"CN=POLICYTYPE,CN=WMIPOLICY,CN=SYSTEM,DC=ELAD,DC=NET","domainsid":"S-1-5-21-786322660-383915852-3508207375","highvalue":false},"ChildObjects":[],"Aces":[{"PrincipalSID":"S-1-5-21-786322660-383915852-3508207375-512","PrincipalType":"Group","RightName":"Owns","IsInherited":false},{"PrincipalSID":"S-1-5-21-786322660-383915852-3508207375-512","PrincipalType":"Group","RightName":"WriteDacl","IsInherited":false},{"PrincipalSID":"S-1-5-21-786322660-383915852-3508207375-512","PrincipalType":"Group","RightName":"WriteOwner","IsInherited":false},{"PrincipalSID":"S-1-5-21-786322660-383915852-3508207375-519","PrincipalType":"Group","RightName":"GenericAll","IsInherited":true},{"PrincipalSID":"S-1-5-21-786322660-383915852-3508207375-512","PrincipalType":"Group","RightName":"GenericAll","IsInherited":true}],"ObjectIdentifier":"6E354890-8311-4D80-BBC3-41C8D610947F","IsDeleted":false,"IsACLProtected":false},{"Properties":{"domain":"ELAD.NET","name":"USERS@ELAD.NET","distinguishedname":"CN=USERS,DC=ELAD,DC=NET","domainsid":"S-1-5-21-786322660-383915852-3508207375","highvalue":false},"ChildObjects":[{"ObjectIdentifier":"S-1-5-21-786322660-383915852-3508207375-1710","ObjectType":"Group"},{"ObjectIdentifier":"S-1-5-21-786322660-383915852-3508207375-500","ObjectType":"User"},{"ObjectIdentifier":"S-1-5-21-786322660-383915852-3508207375-1656","ObjectType":"User"},{"ObjectIdentifier":"S-1-5-21-786322660-383915852-3508207375-1701","ObjectType":"User"},{"ObjectIdentifier":"S-1-5-21-786322660-383915852-3508207375-571","ObjectType":"Group"},{"ObjectIdentifier":"S-1-5-21-786322660-383915852-3508207375-1636","ObjectType":"User"},{"ObjectIdentifier":"S-1-5-21-786322660-383915852-3508207375-1702","ObjectType":"User"},{"ObjectIdentifier":"S-1-5-21-786322660-383915852-3508207375-1700","ObjectType":"User"},{"ObjectIdentifier":"S-1-5-21-786322660-383915852-3508207375-1611","ObjectType":"User"},{"ObjectIdentifier":"S-1-5-21-786322660-383915852-3508207375-1628","ObjectType":"User"},{"ObjectIdentifier":"S-1-5-21-786322660-383915852-3508207375-1647","ObjectType":"User"},{"ObjectIdentifier":"S-1-5-21-786322660-383915852-3508207375-1605","ObjectType":"User"},{"ObjectIdentifier":"S-1-5-21-786322660-383915852-3508207375-1608","ObjectType":"User"},{"ObjectIdentifier":"S-1-5-21-786322660-383915852-3508207375-1626","ObjectType":"User"},{"ObjectIdentifier":"S-1-5-21-786322660-383915852-3508207375-1682","ObjectType":"User"},{"ObjectIdentifier":"S-1-5-21-786322660-383915852-3508207375-517","ObjectType":"Group"},{"ObjectIdentifier":"S-1-5-21-786322660-383915852-3508207375-1641","ObjectType":"User"},{"ObjectIdentifier":"S-1-5-21-786322660-383915852-3508207375-1693","ObjectType":"User"},{"ObjectIdentifier":"S-1-5-21-786322660-383915852-3508207375-1609","ObjectType":"User"},{"ObjectIdentifier":"S-1-5-21-786322660-383915852-3508207375-1676","ObjectType":"User"},{"ObjectIdentifier":"S-1-5-21-786322660-383915852-3508207375-1657","ObjectType":"User"},{"ObjectIdentifier":"S-1-5-21-786322660-383915852-3508207375-1675","ObjectType":"User"},{"ObjectIdentifier":"S-1-5-21-786322660-383915852-3508207375-522","ObjectType":"Group"},{"ObjectIdentifier":"S-1-5-21-786322660-383915852-3508207375-1621","ObjectType":"User"},{"ObjectIdentifier":"S-1-5-21-786322660-383915852-3508207375-1688","ObjectType":"User"},{"ObjectIdentifier":"S-1-5-21-786322660-383915852-3508207375-1664","ObjectType":"User"},{"ObjectIdentifier":"S-1-5-21-786322660-383915852-3508207375-1638","ObjectType":"User"},{"ObjectIdentifier":"S-1-5-21-786322660-383915852-3508207375-1650","ObjectType":"User"},{"ObjectIdentifier":"S-1-5-21-786322660-383915852-3508207375-503","ObjectType":"User"},{"ObjectIdentifier":"S-1-5-21-786322660-383915852-3508207375-1658","ObjectType":"User"},{"ObjectIdentifier":"S-1-5-21-786322660-383915852-3508207375-572","ObjectType":"Group"},{"ObjectIdentifier":"S-1-5-21-786322660-383915852-3508207375-1683","ObjectType":"User"},{"ObjectIdentifier":"S-1-5-21-786322660-383915852-3508207375-1687","ObjectType":"User"},{"ObjectIdentifier":"S-1-5-21-786322660-383915852-3508207375-1101","ObjectType":"Group"},{"ObjectIdentifier":"S-1-5-21-786322660-383915852-3508207375-1102","ObjectType":"Group"},{"ObjectIdentifier":"S-1-5-21-786322660-383915852-3508207375-1643","ObjectType":"User"},{"ObjectIdentifier":"S-1-5-21-786322660-383915852-3508207375-512","ObjectType":"Group"},{"ObjectIdentifier":"S-1-5-21-786322660-383915852-3508207375-515","ObjectType":"Group"},{"ObjectIdentifier":"S-1-5-21-786322660-383915852-3508207375-516","ObjectType":"Group"},{"ObjectIdentifier":"S-1-5-21-786322660-383915852-3508207375-514","ObjectType":"Group"},{"ObjectIdentifier":"S-1-5-21-786322660-383915852-3508207375-513","ObjectType":"Group"},{"ObjectIdentifier":"S-1-5-21-786322660-383915852-3508207375-1691","ObjectType":"User"},{"ObjectIdentifier":"S-1-5-21-786322660-383915852-3508207375-1698","ObjectType":"User"},{"ObjectIdentifier":"S-1-5-21-786322660-383915852-3508207375-1672","ObjectType":"User"},{"ObjectIdentifier":"S-1-5-21-786322660-383915852-3508207375-1659","ObjectType":"User"},{"ObjectIdentifier":"S-1-5-21-786322660-383915852-3508207375-1618","ObjectType":"User"},{"ObjectIdentifier":"S-1-5-21-786322660-383915852-3508207375-1616","ObjectType":"User"},{"ObjectIdentifier":"S-1-5-21-786322660-383915852-3508207375-1635","ObjectType":"User"},{"ObjectIdentifier":"S-1-5-21-786322660-383915852-3508207375-1612","ObjectType":"User"},{"ObjectIdentifier":"S-1-5-21-786322660-383915852-3508207375-1624","ObjectType":"User"},{"ObjectIdentifier":"S-1-5-21-786322660-383915852-3508207375-519","ObjectType":"Group"},{"ObjectIdentifier":"S-1-5-21-786322660-383915852-3508207375-527","ObjectType":"Group"},{"ObjectIdentifier":"S-1-5-21-786322660-383915852-3508207375-498","ObjectType":"Group"},{"ObjectIdentifier":"S-1-5-21-786322660-383915852-3508207375-1604","ObjectType":"User"},{"ObjectIdentifier":"S-1-5-21-786322660-383915852-3508207375-1705","ObjectType":"Group"},{"ObjectIdentifier":"S-1-5-21-786322660-383915852-3508207375-1640","ObjectType":"User"},{"ObjectIdentifier":"S-1-5-21-786322660-383915852-3508207375-1613","ObjectType":"User"},{"ObjectIdentifier":"S-1-5-21-786322660-383915852-3508207375-520","ObjectType":"Group"},{"ObjectIdentifier":"S-1-5-21-786322660-383915852-3508207375-501","ObjectType":"User"},{"ObjectIdentifier":"S-1-5-21-786322660-383915852-3508207375-1663","ObjectType":"User"},{"ObjectIdentifier":"S-1-5-21-786322660-383915852-3508207375-1644","ObjectType":"User"},{"ObjectIdentifier":"S-1-5-21-786322660-383915852-3508207375-1617","ObjectType":"User"},{"ObjectIdentifier":"S-1-5-21-786322660-383915852-3508207375-1714","ObjectType":"User"},{"ObjectIdentifier":"S-1-5-21-786322660-383915852-3508207375-1668","ObjectType":"User"},{"ObjectIdentifier":"S-1-5-21-786322660-383915852-3508207375-1627","ObjectType":"User"},{"ObjectIdentifier":"S-1-5-21-786322660-383915852-3508207375-1629","ObjectType":"User"},{"ObjectIdentifier":"S-1-5-21-786322660-383915852-3508207375-1684","ObjectType":"User"},{"ObjectIdentifier":"S-1-5-21-786322660-383915852-3508207375-1680","ObjectType":"User"},{"ObjectIdentifier":"S-1-5-21-786322660-383915852-3508207375-1634","ObjectType":"User"},{"ObjectIdentifier":"S-1-5-21-786322660-383915852-3508207375-1704","ObjectType":"Group"},{"ObjectIdentifier":"S-1-5-21-786322660-383915852-3508207375-1633","ObjectType":"User"},{"ObjectIdentifier":"S-1-5-21-786322660-383915852-3508207375-1696","ObjectType":"User"},{"ObjectIdentifier":"S-1-5-21-786322660-383915852-3508207375-1637","ObjectType":"User"},{"ObjectIdentifier":"S-1-5-21-786322660-383915852-3508207375-1654","ObjectType":"User"},{"ObjectIdentifier":"S-1-5-21-786322660-383915852-3508207375-1667","ObjectType":"User"},{"ObjectIdentifier":"S-1-5-21-786322660-383915852-3508207375-1606","ObjectType":"User"},{"ObjectIdentifier":"S-1-5-21-786322660-383915852-3508207375-1681","ObjectType":"User"},{"ObjectIdentifier":"S-1-5-21-786322660-383915852-3508207375-1673","ObjectType":"User"},{"ObjectIdentifier":"S-1-5-21-786322660-383915852-3508207375-1651","ObjectType":"User"},{"ObjectIdentifier":"S-1-5-21-786322660-383915852-3508207375-526","ObjectType":"Group"},{"ObjectIdentifier":"S-1-5-21-786322660-383915852-3508207375-1695","ObjectType":"User"},{"ObjectIdentifier":"S-1-5-21-786322660-383915852-3508207375-1665","ObjectType":"User"},{"ObjectIdentifier":"S-1-5-21-786322660-383915852-3508207375-502","ObjectType":"User"},{"ObjectIdentifier":"S-1-5-21-786322660-383915852-3508207375-1607","ObjectType":"User"},{"ObjectIdentifier":"S-1-5-21-786322660-383915852-3508207375-1689","ObjectType":"User"},{"ObjectIdentifier":"S-1-5-21-786322660-383915852-3508207375-1661","ObjectType":"User"},{"ObjectIdentifier":"S-1-5-21-786322660-383915852-3508207375-1685","ObjectType":"User"},{"ObjectIdentifier":"S-1-5-21-786322660-383915852-3508207375-1694","ObjectType":"User"},{"ObjectIdentifier":"S-1-5-21-786322660-383915852-3508207375-1623","ObjectType":"User"},{"ObjectIdentifier":"S-1-5-21-786322660-383915852-3508207375-1615","ObjectType":"User"},{"ObjectIdentifier":"S-1-5-21-786322660-383915852-3508207375-1653","ObjectType":"User"},{"ObjectIdentifier":"S-1-5-21-786322660-383915852-3508207375-1690","ObjectType":"User"},{"ObjectIdentifier":"S-1-5-21-786322660-383915852-3508207375-1678","ObjectType":"User"},{"ObjectIdentifier":"S-1-5-21-786322660-383915852-3508207375-1679","ObjectType":"User"},{"ObjectIdentifier":"S-1-5-21-786322660-383915852-3508207375-1670","ObjectType":"User"},{"ObjectIdentifier":"S-1-5-21-786322660-383915852-3508207375-1655","ObjectType":"User"},{"ObjectIdentifier":"S-1-5-21-786322660-383915852-3508207375-1630","ObjectType":"User"},{"ObjectIdentifier":"S-1-5-21-786322660-383915852-3508207375-1699","ObjectType":"User"},{"ObjectIdentifier":"S-1-5-21-786322660-383915852-3508207375-1639","ObjectType":"User"},{"ObjectIdentifier":"S-1-5-21-786322660-383915852-3508207375-1631","ObjectType":"User"},{"ObjectIdentifier":"S-1-5-21-786322660-383915852-3508207375-1677","ObjectType":"User"},{"ObjectIdentifier":"S-1-5-21-786322660-383915852-3508207375-1645","ObjectType":"User"},{"ObjectIdentifier":"S-1-5-21-786322660-383915852-3508207375-1708","ObjectType":"Group"},{"ObjectIdentifier":"S-1-5-21-786322660-383915852-3508207375-1642","ObjectType":"User"},{"ObjectIdentifier":"S-1-5-21-786322660-383915852-3508207375-1649","ObjectType":"User"},{"ObjectIdentifier":"S-1-5-21-786322660-383915852-3508207375-1648","ObjectType":"User"},{"ObjectIdentifier":"S-1-5-21-786322660-383915852-3508207375-1692","ObjectType":"User"},{"ObjectIdentifier":"S-1-5-21-786322660-383915852-3508207375-1603","ObjectType":"User"},{"ObjectIdentifier":"S-1-5-21-786322660-383915852-3508207375-1662","ObjectType":"User"},{"ObjectIdentifier":"S-1-5-21-786322660-383915852-3508207375-1674","ObjectType":"User"},{"ObjectIdentifier":"S-1-5-21-786322660-383915852-3508207375-1697","ObjectType":"User"},{"ObjectIdentifier":"S-1-5-21-786322660-383915852-3508207375-1622","ObjectType":"User"},{"ObjectIdentifier":"S-1-5-21-786322660-383915852-3508207375-1703","ObjectType":"Group"},{"ObjectIdentifier":"S-1-5-21-786322660-383915852-3508207375-1652","ObjectType":"User"},{"ObjectIdentifier":"S-1-5-21-786322660-383915852-3508207375-1632","ObjectType":"User"},{"ObjectIdentifier":"S-1-5-21-786322660-383915852-3508207375-1620","ObjectType":"User"},{"ObjectIdentifier":"S-1-5-21-786322660-383915852-3508207375-1707","ObjectType":"Group"},{"ObjectIdentifier":"S-1-5-21-786322660-383915852-3508207375-525","ObjectType":"Group"},{"ObjectIdentifier":"S-1-5-21-786322660-383915852-3508207375-1669","ObjectType":"User"},{"ObjectIdentifier":"S-1-5-21-786322660-383915852-3508207375-1610","ObjectType":"User"},{"ObjectIdentifier":"S-1-5-21-786322660-383915852-3508207375-553","ObjectType":"Group"},{"ObjectIdentifier":"S-1-5-21-786322660-383915852-3508207375-521","ObjectType":"Group"},{"ObjectIdentifier":"S-1-5-21-786322660-383915852-3508207375-1614","ObjectType":"User"},{"ObjectIdentifier":"S-1-5-21-786322660-383915852-3508207375-1646","ObjectType":"User"},{"ObjectIdentifier":"S-1-5-21-786322660-383915852-3508207375-1619","ObjectType":"User"},{"ObjectIdentifier":"S-1-5-21-786322660-383915852-3508207375-1671","ObjectType":"User"},{"ObjectIdentifier":"S-1-5-21-786322660-383915852-3508207375-1709","ObjectType":"Group"},{"ObjectIdentifier":"S-1-5-21-786322660-383915852-3508207375-1686","ObjectType":"User"},{"ObjectIdentifier":"S-1-5-21-786322660-383915852-3508207375-518","ObjectType":"Group"},{"ObjectIdentifier":"S-1-5-21-786322660-383915852-3508207375-1706","ObjectType":"Group"},{"ObjectIdentifier":"S-1-5-21-786322660-383915852-3508207375-1625","ObjectType":"User"},{"ObjectIdentifier":"S-1-5-21-786322660-383915852-3508207375-1666","ObjectType":"User"},{"ObjectIdentifier":"S-1-5-21-786322660-383915852-3508207375-1660","ObjectType":"User"}],"Aces":[{"PrincipalSID":"S-1-5-21-786322660-383915852-3508207375-512","PrincipalType":"Group","RightName":"Owns","IsInherited":false},{"PrincipalSID":"S-1-5-21-786322660-383915852-3508207375-512","PrincipalType":"Group","RightName":"WriteDacl","IsInherited":false},{"PrincipalSID":"S-1-5-21-786322660-383915852-3508207375-512","PrincipalType":"Group","RightName":"WriteOwner","IsInherited":false},{"PrincipalSID":"S-1-5-21-786322660-383915852-3508207375-519","PrincipalType":"Group","RightName":"GenericAll","IsInherited":true},{"PrincipalSID":"ELAD.NET-S-1-5-32-544","PrincipalType":"Group","RightName":"WriteDacl","IsInherited":true},{"PrincipalSID":"ELAD.NET-S-1-5-32-544","PrincipalType":"Group","RightName":"WriteOwner","IsInherited":true}],"ObjectIdentifier":"B739671F-E6DB-4B4D-BDE7-FDEB5E12D5A1","IsDeleted":false,"IsACLProtected":false},{"Properties":{"domain":"ELAD.NET","name":"COMPUTERS@ELAD.NET","distinguishedname":"CN=COMPUTERS,DC=ELAD,DC=NET","domainsid":"S-1-5-21-786322660-383915852-3508207375","highvalue":false},"ChildObjects":[{"ObjectIdentifier":"S-1-5-21-786322660-383915852-3508207375-1602","ObjectType":"Computer"},{"ObjectIdentifier":"S-1-5-21-786322660-383915852-3508207375-1118","ObjectType":"Computer"}],"Aces":[{"PrincipalSID":"S-1-5-21-786322660-383915852-3508207375-512","PrincipalType":"Group","RightName":"Owns","IsInherited":false},{"PrincipalSID":"S-1-5-21-786322660-383915852-3508207375-512","PrincipalType":"Group","RightName":"WriteDacl","IsInherited":false},{"PrincipalSID":"S-1-5-21-786322660-383915852-3508207375-512","PrincipalType":"Group","RightName":"WriteOwner","IsInherited":false},{"PrincipalSID":"S-1-5-21-786322660-383915852-3508207375-519","PrincipalType":"Group","RightName":"GenericAll","IsInherited":true},{"PrincipalSID":"ELAD.NET-S-1-5-32-544","PrincipalType":"Group","RightName":"WriteDacl","IsInherited":true},{"PrincipalSID":"ELAD.NET-S-1-5-32-544","PrincipalType":"Group","RightName":"WriteOwner","IsInherited":true}],"ObjectIdentifier":"58610F2C-2EE1-4868-A571-978BF4685468","IsDeleted":false,"IsACLProtected":false},{"Properties":{"domain":"ELAD.NET","name":"MANAGED SERVICE ACCOUNTS@ELAD.NET","distinguishedname":"CN=MANAGED SERVICE ACCOUNTS,DC=ELAD,DC=NET","domainsid":"S-1-5-21-786322660-383915852-3508207375","highvalue":false},"ChildObjects":[{"ObjectIdentifier":"S-1-5-21-786322660-383915852-3508207375-1713","ObjectType":"User"},{"ObjectIdentifier":"S-1-5-21-786322660-383915852-3508207375-1712","ObjectType":"User"},{"ObjectIdentifier":"S-1-5-21-786322660-383915852-3508207375-1711","ObjectType":"Base"}],"Aces":[{"PrincipalSID":"S-1-5-21-786322660-383915852-3508207375-512","PrincipalType":"Group","RightName":"Owns","IsInherited":false},{"PrincipalSID":"S-1-5-21-786322660-383915852-3508207375-512","PrincipalType":"Group","RightName":"WriteDacl","IsInherited":false},{"PrincipalSID":"S-1-5-21-786322660-383915852-3508207375-512","PrincipalType":"Group","RightName":"WriteOwner","IsInherited":false},{"PrincipalSID":"S-1-5-21-786322660-383915852-3508207375-519","PrincipalType":"Group","RightName":"GenericAll","IsInherited":true},{"PrincipalSID":"ELAD.NET-S-1-5-32-544","PrincipalType":"Group","RightName":"WriteDacl","IsInherited":true},{"PrincipalSID":"ELAD.NET-S-1-5-32-544","PrincipalType":"Group","RightName":"WriteOwner","IsInherited":true}],"ObjectIdentifier":"9E93DAAF-E238-48E0-8EED-2C7BB67D6CFE","IsDeleted":false,"IsACLProtected":false}],"meta":{"methods":29675,"type":"containers","count":24,"version":5}}